date,symbol,adjust,open,high,low,close,volume,amount,amplitude,pct_change,change,turnover,source,updated_at
2023-09-18,159531,raw,0.985,0.996,0.981,0.995,1106505,109690866.166,1.52,0.51,0.005,20.02,akshare,2026-04-25 23:57:44
2023-09-19,159531,raw,0.989,0.991,0.981,0.983,312482,30792424.147,1.01,-1.21,-0.012,5.65,akshare,2026-04-25 23:57:44
2023-09-20,159531,raw,0.981,0.985,0.972,0.975,342579,33546152.417,1.32,-0.81,-0.008,6.2,akshare,2026-04-25 23:57:44
2023-09-21,159531,raw,0.973,0.976,0.965,0.967,325298,31607688.673,1.13,-0.82,-0.008,5.89,akshare,2026-04-25 23:57:44
2023-09-22,159531,raw,0.966,0.988,0.963,0.987,336912,32912468.202,2.59,2.07,0.02,6.1,akshare,2026-04-25 23:57:44
2023-09-25,159531,raw,0.986,0.99,0.983,0.985,148431,14629106.356,0.71,-0.2,-0.002,2.69,akshare,2026-04-25 23:57:44
2023-09-26,159531,raw,0.985,0.988,0.981,0.983,263974,25999024.638,0.71,-0.2,-0.002,4.78,akshare,2026-04-25 23:57:44
2023-09-27,159531,raw,0.978,0.992,0.978,0.985,295674,29216395.272,1.42,0.2,0.002,5.35,akshare,2026-04-25 23:57:44
2023-09-28,159531,raw,0.966,1.002,0.966,1.0,584384,58282609.083,3.65,1.52,0.015,10.58,akshare,2026-04-25 23:57:44
2023-10-09,159531,raw,0.995,0.999,0.94,0.999,411651,40987894.002,5.9,-0.1,-0.001,7.45,akshare,2026-04-25 23:57:44
2023-10-10,159531,raw,0.999,1.002,0.996,0.998,321144,32073294.293,0.6,-0.1,-0.001,5.81,akshare,2026-04-25 23:57:44
2023-10-11,159531,raw,0.995,1.004,0.993,1.0,355340,35549999.026,1.1,0.2,0.002,6.43,akshare,2026-04-25 23:57:44
2023-10-12,159531,raw,1.003,1.005,0.998,1.005,371055,37193634.839,0.7,0.5,0.005,6.71,akshare,2026-04-25 23:57:44
2023-10-13,159531,raw,1.002,1.002,0.998,1.0,269114,26914256.579,0.4,-0.5,-0.005,4.87,akshare,2026-04-25 23:57:44
2023-10-16,159531,raw,0.999,0.999,0.992,0.996,321818,32063148.985,0.7,-0.4,-0.004,5.82,akshare,2026-04-25 23:57:44
2023-10-17,159531,raw,0.996,0.996,0.986,0.992,232865,23040587.188,1.0,-0.4,-0.004,4.21,akshare,2026-04-25 23:57:44
2023-10-18,159531,raw,0.99,0.99,0.972,0.974,289454,28265356.833,1.81,-1.81,-0.018,5.24,akshare,2026-04-25 23:57:44
2023-10-19,159531,raw,0.97,0.981,0.963,0.964,279668,27159365.076,1.85,-1.03,-0.01,5.06,akshare,2026-04-25 23:57:44
2023-10-20,159531,raw,0.959,0.966,0.951,0.952,242821,23310019.1,1.56,-1.24,-0.012,4.39,akshare,2026-04-25 23:57:44
2023-10-23,159531,raw,0.94,0.947,0.923,0.926,294128,27541496.762,2.52,-2.73,-0.026,5.32,akshare,2026-04-25 23:57:44
2023-10-24,159531,raw,0.926,0.952,0.926,0.951,280989,26470905.29,2.81,2.7,0.025,5.08,akshare,2026-04-25 23:57:44
2023-10-25,159531,raw,0.96,0.969,0.959,0.967,291817,28193098.229,1.05,1.68,0.016,5.28,akshare,2026-04-25 23:57:44
2023-10-26,159531,raw,0.965,0.974,0.958,0.973,394960,38005301.106,1.65,0.62,0.006,7.15,akshare,2026-04-25 23:57:44
2023-10-27,159531,raw,0.969,0.987,0.965,0.984,335257,32658100.272,2.26,1.13,0.011,6.07,akshare,2026-04-25 23:57:44
2023-10-30,159531,raw,0.98,0.997,0.98,0.995,263277,26070782.232,1.73,1.12,0.011,4.76,akshare,2026-04-25 23:57:44
2023-10-31,159531,raw,0.994,0.999,0.987,0.993,301264,29913848.454,1.21,-0.2,-0.002,5.45,akshare,2026-04-25 23:57:44
2023-11-01,159531,raw,0.993,0.997,0.989,0.995,360235,35805242.318,0.81,0.2,0.002,6.52,akshare,2026-04-25 23:57:44
2023-11-02,159531,raw,0.99,0.999,0.984,0.984,311082,30792887.251,1.51,-1.11,-0.011,5.63,akshare,2026-04-25 23:57:44
2023-11-03,159531,raw,0.979,0.998,0.979,0.995,190487,18952699.953,1.93,1.12,0.011,3.45,akshare,2026-04-25 23:57:44
2023-11-06,159531,raw,0.998,1.019,0.998,1.019,535207,54124635.354,2.11,2.41,0.024,9.69,akshare,2026-04-25 23:57:44
2023-11-07,159531,raw,1.019,1.033,1.016,1.031,480974,49224782.984,1.67,1.18,0.012,8.7,akshare,2026-04-25 23:57:44
2023-11-08,159531,raw,1.031,1.039,1.027,1.035,339702,35073273.952,1.16,0.39,0.004,6.15,akshare,2026-04-25 23:57:44
2023-11-09,159531,raw,1.035,1.038,1.023,1.028,262629,27028639.444,1.45,-0.68,-0.007,4.75,akshare,2026-04-25 23:57:44
2023-11-10,159531,raw,1.023,1.026,1.017,1.024,255420,26089678.8,0.88,-0.39,-0.004,4.62,akshare,2026-04-25 23:57:44
2023-11-13,159531,raw,1.024,1.037,1.024,1.037,305533,31519830.765,1.27,1.27,0.013,5.53,akshare,2026-04-25 23:57:44
2023-11-14,159531,raw,1.04,1.045,1.032,1.043,280601,29154738.631,1.25,0.58,0.006,5.08,akshare,2026-04-25 23:57:44
2023-11-15,159531,raw,1.049,1.053,1.044,1.051,265906,27889661.281,0.86,0.77,0.008,4.81,akshare,2026-04-25 23:57:44
2023-11-16,159531,raw,1.044,1.053,1.044,1.046,281979,29580882.068,0.86,-0.48,-0.005,5.1,akshare,2026-04-25 23:57:44
2023-11-17,159531,raw,1.046,1.057,1.042,1.057,347853,36468287.06,1.43,1.05,0.011,6.29,akshare,2026-04-25 23:57:44
2023-11-20,159531,raw,1.055,1.07,1.054,1.07,322170,34188014.458,1.51,1.23,0.013,5.83,akshare,2026-04-25 23:57:44
2023-11-21,159531,raw,1.072,1.073,1.059,1.062,334530,35626790.237,1.31,-0.75,-0.008,6.05,akshare,2026-04-25 23:57:44
2023-11-22,159531,raw,1.061,1.063,1.049,1.05,279346,29501156.766,1.32,-1.13,-0.012,5.06,akshare,2026-04-25 23:57:44
2023-11-23,159531,raw,1.049,1.06,1.044,1.06,310826,32724456.941,1.52,0.95,0.01,5.62,akshare,2026-04-25 23:57:44
2023-11-24,159531,raw,1.064,1.064,1.041,1.046,351755,36836002.534,2.17,-1.32,-0.014,6.37,akshare,2026-04-25 23:57:44
2023-11-27,159531,raw,1.046,1.048,1.036,1.046,360064,37532897.8,1.15,0.0,0.0,6.52,akshare,2026-04-25 23:57:44
2023-11-28,159531,raw,1.045,1.052,1.038,1.052,332606,34860753.1,1.34,0.57,0.006,6.02,akshare,2026-04-25 23:57:44
2023-11-29,159531,raw,1.057,1.057,1.044,1.046,301246,31589310.8,1.24,-0.57,-0.006,5.45,akshare,2026-04-25 23:57:44
2023-11-30,159531,raw,1.045,1.048,1.03,1.041,401761,41714943.7,1.72,-0.48,-0.005,7.27,akshare,2026-04-25 23:57:44
2023-12-01,159531,raw,1.039,1.054,1.029,1.052,377816,39427288.4,2.4,1.06,0.011,6.84,akshare,2026-04-25 23:57:44
2023-12-04,159531,raw,1.05,1.057,1.05,1.052,335553,35341126.905,0.67,0.0,0.0,6.07,akshare,2026-04-25 23:57:44
2023-12-05,159531,raw,1.052,1.052,0.97,1.03,335384,34901866.341,7.79,-2.09,-0.022,6.07,akshare,2026-04-25 23:57:44
2023-12-06,159531,raw,1.032,1.045,1.029,1.038,312002,32372444.136,1.55,0.78,0.008,5.65,akshare,2026-04-25 23:57:44
2023-12-07,159531,raw,1.032,1.039,1.03,1.035,311422,32169142.2,0.87,-0.29,-0.003,5.64,akshare,2026-04-25 23:57:44
2023-12-08,159531,raw,1.036,1.037,1.022,1.022,236347,24321174.8,1.45,-1.26,-0.013,4.28,akshare,2026-04-25 23:57:44
2023-12-11,159531,raw,1.017,1.036,1.014,1.035,348445,35656197.9,2.15,1.27,0.013,6.31,akshare,2026-04-25 23:57:44
2023-12-12,159531,raw,1.035,1.04,1.032,1.04,271889,28154410.7,0.77,0.48,0.005,4.92,akshare,2026-04-25 23:57:44
2023-12-13,159531,raw,1.036,1.045,1.034,1.035,292869,30451399.535,1.06,-0.48,-0.005,5.3,akshare,2026-04-25 23:57:44
2023-12-14,159531,raw,1.042,1.043,1.03,1.03,314228,32568780.0,1.26,-0.48,-0.005,5.69,akshare,2026-04-25 23:57:44
2023-12-15,159531,raw,1.028,1.034,1.021,1.025,303172,31131303.9,1.26,-0.49,-0.005,5.49,akshare,2026-04-25 23:57:44
2023-12-18,159531,raw,1.02,1.025,1.01,1.013,290616,29555192.036,1.46,-1.17,-0.012,5.26,akshare,2026-04-25 23:57:44
2023-12-19,159531,raw,1.012,1.015,1.006,1.014,327728,33126126.0,0.89,0.1,0.001,5.93,akshare,2026-04-25 23:57:44
2023-12-20,159531,raw,1.02,1.02,1.0,1.002,318538,32223706.6,1.97,-1.18,-0.012,5.76,akshare,2026-04-25 23:57:44
2023-12-21,159531,raw,0.99,1.012,0.984,1.011,360016,35782709.8,2.79,0.9,0.009,6.51,akshare,2026-04-25 23:57:44
2023-12-22,159531,raw,1.006,1.007,0.987,0.991,324380,32464539.4,1.98,-1.98,-0.02,5.87,akshare,2026-04-25 23:57:44
2023-12-25,159531,raw,0.991,0.993,0.979,0.988,315218,31025387.9,1.41,-0.3,-0.003,5.7,akshare,2026-04-25 23:57:44
2023-12-26,159531,raw,0.982,0.983,0.97,0.974,268868,26271646.9,1.32,-1.42,-0.014,4.87,akshare,2026-04-25 23:57:44
2023-12-27,159531,raw,0.974,0.981,0.968,0.979,349883,34066223.7,1.33,0.51,0.005,6.33,akshare,2026-04-25 23:57:44
2023-12-28,159531,raw,0.976,1.0,0.971,0.998,336057,33333747.8,2.96,1.94,0.019,6.08,akshare,2026-04-25 23:57:44
2023-12-29,159531,raw,0.998,1.019,0.998,1.018,365336,36993504.6,2.1,2.0,0.02,6.61,akshare,2026-04-25 23:57:44
2024-01-02,159531,raw,1.021,1.023,1.015,1.017,275564,28095514.1,0.79,-0.1,-0.001,4.99,akshare,2026-04-25 23:57:44
2024-01-03,159531,raw,1.006,1.019,1.004,1.01,303365,30631659.426,1.47,-0.69,-0.007,5.49,akshare,2026-04-25 23:57:44
2024-01-04,159531,raw,1.005,1.009,1.003,1.008,291911,29378934.8,0.59,-0.2,-0.002,5.28,akshare,2026-04-25 23:57:44
2024-01-05,159531,raw,1.008,1.011,0.984,0.99,344048,34416143.5,2.68,-1.79,-0.018,6.23,akshare,2026-04-25 23:57:44
2024-01-08,159531,raw,0.985,0.988,0.968,0.969,341294,33422315.4,2.02,-2.12,-0.021,6.18,akshare,2026-04-25 23:57:44
2024-01-09,159531,raw,0.969,0.986,0.966,0.975,271283,26507351.9,2.06,0.62,0.006,4.91,akshare,2026-04-25 23:57:44
2024-01-10,159531,raw,0.97,0.977,0.957,0.964,300888,29013425.1,2.05,-1.13,-0.011,5.44,akshare,2026-04-25 23:57:44
2024-01-11,159531,raw,0.964,0.987,0.964,0.984,340226,33122486.1,2.39,2.07,0.02,6.16,akshare,2026-04-25 23:57:44
2024-01-12,159531,raw,0.981,0.988,0.972,0.972,304193,29864937.1,1.63,-1.22,-0.012,5.5,akshare,2026-04-25 23:57:44
2024-01-15,159531,raw,0.972,0.977,0.965,0.971,320163,31115375.5,1.23,-0.1,-0.001,5.79,akshare,2026-04-25 23:57:44
2024-01-16,159531,raw,0.966,0.969,0.951,0.966,346331,33335036.0,1.85,-0.51,-0.005,6.27,akshare,2026-04-25 23:57:44
2024-01-17,159531,raw,0.962,0.963,0.942,0.944,319533,30578358.4,2.17,-2.28,-0.022,5.78,akshare,2026-04-25 23:57:44
2024-01-18,159531,raw,0.939,0.939,0.907,0.935,307533,28379730.4,3.39,-0.95,-0.009,5.57,akshare,2026-04-25 23:57:44
2024-01-19,159531,raw,0.923,0.936,0.919,0.92,303516,28115486.2,1.82,-1.6,-0.015,5.49,akshare,2026-04-25 23:57:44
2024-01-22,159531,raw,0.919,0.919,0.855,0.863,315382,28202776.1,6.96,-6.2,-0.057,5.71,akshare,2026-04-25 23:57:44
2024-01-23,159531,raw,0.865,0.868,0.847,0.867,344238,29597199.8,2.43,0.46,0.004,6.23,akshare,2026-04-25 23:57:44
2024-01-24,159531,raw,0.876,0.882,0.846,0.876,337521,29245783.7,4.15,1.04,0.009,6.11,akshare,2026-04-25 23:57:44
2024-01-25,159531,raw,0.87,0.912,0.87,0.91,320995,28635809.6,4.79,3.88,0.034,5.81,akshare,2026-04-25 23:57:44
2024-01-26,159531,raw,0.905,0.924,0.901,0.91,321100,29380325.2,2.53,0.0,0.0,5.81,akshare,2026-04-25 23:57:44
2024-01-29,159531,raw,0.913,0.914,0.874,0.877,318262,28256311.691,4.4,-3.63,-0.033,5.76,akshare,2026-04-25 23:57:44
2024-01-30,159531,raw,0.867,0.876,0.845,0.847,290322,25036239.5,3.53,-3.42,-0.03,5.25,akshare,2026-04-25 23:57:44
2024-01-31,159531,raw,0.844,0.845,0.801,0.804,367493,30216877.0,5.19,-5.08,-0.043,6.65,akshare,2026-04-25 23:57:44
2024-02-01,159531,raw,0.799,0.809,0.779,0.791,344542,27287021.1,3.73,-1.62,-0.013,6.23,akshare,2026-04-25 23:57:44
2024-02-02,159531,raw,0.788,0.804,0.732,0.756,353611,27422550.26,9.1,-4.42,-0.035,6.4,akshare,2026-04-25 23:57:44
2024-02-05,159531,raw,0.739,0.741,0.68,0.685,421617,29323337.5,8.07,-9.39,-0.071,7.63,akshare,2026-04-25 23:57:44
2024-02-06,159531,raw,0.66,0.73,0.63,0.703,1183835,80558647.6,14.6,2.63,0.018,21.42,akshare,2026-04-25 23:57:44
2024-02-07,159531,raw,0.697,0.709,0.664,0.679,1202238,83113127.1,6.4,-3.41,-0.024,21.76,akshare,2026-04-25 23:57:44
2024-02-08,159531,raw,0.697,0.747,0.673,0.747,14809563,1064071156.502,10.9,10.01,0.068,267.99,akshare,2026-04-25 23:57:44
2024-02-19,159531,raw,0.738,0.771,0.732,0.763,10864212,818704594.765,5.22,2.14,0.016,196.6,akshare,2026-04-25 23:57:44
2024-02-20,159531,raw,0.759,0.778,0.75,0.776,5218549,399507575.5,3.67,1.7,0.013,94.43,akshare,2026-04-25 23:57:44
2024-02-21,159531,raw,0.769,0.811,0.763,0.788,3205823,253318821.4,6.19,1.55,0.012,58.01,akshare,2026-04-25 23:57:44
2024-02-22,159531,raw,0.784,0.812,0.784,0.809,2327895,186348808.398,3.55,2.66,0.021,42.13,akshare,2026-04-25 23:57:44
2024-02-23,159531,raw,0.81,0.838,0.808,0.838,2501509,206402014.504,3.71,3.58,0.029,45.27,akshare,2026-04-25 23:57:44
2024-02-26,159531,raw,0.838,0.866,0.83,0.853,2911225,246809628.599,4.3,1.79,0.015,52.68,akshare,2026-04-25 23:57:44
2024-02-27,159531,raw,0.843,0.877,0.84,0.876,2234794,192240806.647,4.34,2.7,0.023,40.44,akshare,2026-04-25 23:57:44
2024-02-28,159531,raw,0.875,0.892,0.813,0.814,3924957,336516489.679,9.02,-7.08,-0.062,71.03,akshare,2026-04-25 23:57:44
2024-02-29,159531,raw,0.802,0.854,0.802,0.854,2895380,241227612.82,6.39,4.91,0.04,52.39,akshare,2026-04-25 23:57:44
2024-03-01,159531,raw,0.85,0.865,0.844,0.861,1616049,138037825.361,2.46,0.82,0.007,29.24,akshare,2026-04-25 23:57:44
2024-03-04,159531,raw,0.862,0.869,0.845,0.869,1509004,129549492.7,2.79,0.93,0.008,27.31,akshare,2026-04-25 23:57:44
2024-03-05,159531,raw,0.855,0.864,0.849,0.852,1022352,87506840.2,1.73,-1.96,-0.017,18.5,akshare,2026-04-25 23:57:44
2024-03-06,159531,raw,0.845,0.87,0.844,0.861,1134466,97070452.964,3.05,1.06,0.009,20.53,akshare,2026-04-25 23:57:44
2024-03-07,159531,raw,0.862,0.874,0.853,0.858,962682,83259848.268,2.44,-0.35,-0.003,17.42,akshare,2026-04-25 23:57:44
2024-03-08,159531,raw,0.852,0.868,0.849,0.867,1081910,92921560.8,2.21,1.05,0.009,19.58,akshare,2026-04-25 23:57:44
2024-03-11,159531,raw,0.865,0.885,0.861,0.885,878928,76570249.8,2.77,2.08,0.018,15.91,akshare,2026-04-25 23:57:44
2024-03-12,159531,raw,0.885,0.896,0.88,0.896,668641,59421032.1,1.81,1.24,0.011,12.1,akshare,2026-04-25 23:57:44
2024-03-13,159531,raw,0.895,0.905,0.889,0.899,638472,57241434.084,1.79,0.33,0.003,11.55,akshare,2026-04-25 23:57:44
2024-03-14,159531,raw,0.898,0.9,0.878,0.892,915268,81601670.981,2.45,-0.78,-0.007,16.56,akshare,2026-04-25 23:57:44
2024-03-15,159531,raw,0.885,0.905,0.885,0.905,1119195,100025727.0,2.24,1.46,0.013,20.25,akshare,2026-04-25 23:57:44
2024-03-18,159531,raw,0.908,0.925,0.905,0.925,974853,89059304.9,2.21,2.21,0.02,17.64,akshare,2026-04-25 23:57:44
2024-03-19,159531,raw,0.922,0.929,0.919,0.92,904424,83588426.681,1.08,-0.54,-0.005,16.37,akshare,2026-04-25 23:57:44
2024-03-20,159531,raw,0.92,0.935,0.919,0.935,1056531,98112128.7,1.74,1.63,0.015,19.12,akshare,2026-04-25 23:57:44
2024-03-21,159531,raw,0.939,0.94,0.926,0.936,942077,88014722.1,1.5,0.11,0.001,17.05,akshare,2026-04-25 23:57:44
2024-03-22,159531,raw,0.93,0.934,0.916,0.926,1055505,97699965.5,1.92,-1.07,-0.01,19.1,akshare,2026-04-25 23:57:44
2024-03-25,159531,raw,0.923,0.926,0.898,0.898,1091716,99804177.0,3.02,-3.02,-0.028,19.76,akshare,2026-04-25 23:57:44
2024-03-26,159531,raw,0.898,0.906,0.883,0.894,1565727,140061708.4,2.56,-0.45,-0.004,28.33,akshare,2026-04-25 23:57:44
2024-03-27,159531,raw,0.89,0.895,0.863,0.864,2007049,176539160.4,3.58,-3.36,-0.03,36.32,akshare,2026-04-25 23:57:44
2024-03-28,159531,raw,0.812,0.897,0.812,0.891,1938644,170528043.3,9.84,3.13,0.027,35.08,akshare,2026-04-25 23:57:44
2024-03-29,159531,raw,0.887,0.901,0.884,0.901,1682570,150219626.4,1.91,1.12,0.01,30.45,akshare,2026-04-25 23:57:44
2024-04-01,159531,raw,0.906,0.918,0.903,0.918,2425295,221013645.3,1.66,1.89,0.017,43.89,akshare,2026-04-25 23:57:44
2024-04-02,159531,raw,0.916,0.92,0.908,0.912,944697,86316538.166,1.31,-0.65,-0.006,17.1,akshare,2026-04-25 23:57:44
2024-04-03,159531,raw,0.913,0.913,0.894,0.902,747003,67394949.3,2.08,-1.1,-0.01,13.52,akshare,2026-04-25 23:57:44
2024-04-08,159531,raw,0.899,0.9,0.881,0.882,815681,72630371.8,2.11,-2.22,-0.02,14.76,akshare,2026-04-25 23:57:44
2024-04-09,159531,raw,0.879,0.897,0.878,0.897,682375,60686572.5,2.15,1.7,0.015,12.35,akshare,2026-04-25 23:57:44
2024-04-10,159531,raw,0.896,0.896,0.867,0.873,827134,72639135.1,3.23,-2.68,-0.024,14.97,akshare,2026-04-25 23:57:44
2024-04-11,159531,raw,0.866,0.887,0.865,0.876,761616,66953622.9,2.52,0.34,0.003,13.78,akshare,2026-04-25 23:57:44
2024-04-12,159531,raw,0.872,0.883,0.868,0.87,869416,76206981.2,1.71,-0.68,-0.006,15.73,akshare,2026-04-25 23:57:44
2024-04-15,159531,raw,0.865,0.871,0.825,0.836,1399120,118265365.1,5.29,-3.91,-0.034,25.32,akshare,2026-04-25 23:57:44
2024-04-16,159531,raw,0.831,0.831,0.775,0.778,4620926,365681737.8,6.7,-6.94,-0.058,83.62,akshare,2026-04-25 23:57:44
2024-04-17,159531,raw,0.79,0.831,0.787,0.83,5458495,442755146.479,5.66,6.68,0.052,98.78,akshare,2026-04-25 23:57:44
2024-04-18,159531,raw,0.824,0.841,0.816,0.826,3081376,254574161.312,3.01,-0.48,-0.004,55.76,akshare,2026-04-25 23:57:44
2024-04-19,159531,raw,0.819,0.833,0.815,0.825,1785104,146780313.559,2.18,-0.12,-0.001,32.3,akshare,2026-04-25 23:57:44
2024-04-22,159531,raw,0.816,0.824,0.8,0.815,867458,70583934.0,2.91,-1.21,-0.01,15.7,akshare,2026-04-25 23:57:44
2024-04-23,159531,raw,0.816,0.828,0.816,0.82,678832,55754347.0,1.47,0.61,0.005,12.28,akshare,2026-04-25 23:57:44
2024-04-24,159531,raw,0.82,0.844,0.82,0.844,1009263,84104561.2,2.93,2.93,0.024,18.26,akshare,2026-04-25 23:57:44
2024-04-25,159531,raw,0.837,0.85,0.833,0.843,979724,82640526.4,2.01,-0.12,-0.001,17.73,akshare,2026-04-25 23:57:44
2024-04-26,159531,raw,0.843,0.86,0.837,0.859,1003305,85376849.926,2.73,1.9,0.016,18.16,akshare,2026-04-25 23:57:44
2024-04-29,159531,raw,0.86,0.881,0.859,0.881,736795,64231505.88,2.56,2.56,0.022,13.33,akshare,2026-04-25 23:57:44
2024-04-30,159531,raw,0.879,0.883,0.867,0.873,1017256,88979390.2,1.82,-0.91,-0.008,18.41,akshare,2026-04-25 23:57:44
2024-05-06,159531,raw,0.885,0.893,0.882,0.891,657283,58372399.4,1.26,2.06,0.018,11.89,akshare,2026-04-25 23:57:44
2024-05-07,159531,raw,0.89,0.899,0.886,0.897,642559,57366244.485,1.46,0.67,0.006,11.63,akshare,2026-04-25 23:57:44
2024-05-08,159531,raw,0.896,0.896,0.883,0.887,522076,46370051.0,1.45,-1.11,-0.01,9.45,akshare,2026-04-25 23:57:44
2024-05-09,159531,raw,0.884,0.899,0.883,0.896,468351,41915581.0,1.8,1.01,0.009,8.48,akshare,2026-04-25 23:57:44
2024-05-10,159531,raw,0.899,0.905,0.883,0.887,561768,49936704.4,2.46,-1.0,-0.009,10.17,akshare,2026-04-25 23:57:44
2024-05-13,159531,raw,0.879,0.88,0.868,0.87,496149,43307415.6,1.35,-1.92,-0.017,8.98,akshare,2026-04-25 23:57:44
2024-05-14,159531,raw,0.87,0.881,0.87,0.876,508077,44558626.8,1.26,0.69,0.006,9.19,akshare,2026-04-25 23:57:44
2024-05-15,159531,raw,0.876,0.881,0.868,0.87,445038,38849743.8,1.48,-0.68,-0.006,8.05,akshare,2026-04-25 23:57:44
2024-05-16,159531,raw,0.872,0.882,0.87,0.872,497467,43611248.8,1.38,0.23,0.002,9.0,akshare,2026-04-25 23:57:44
2024-05-17,159531,raw,0.874,0.885,0.869,0.885,478178,41967046.3,1.83,1.49,0.013,8.65,akshare,2026-04-25 23:57:44
2024-05-20,159531,raw,0.887,0.889,0.881,0.887,568915,50382235.604,0.9,0.23,0.002,10.3,akshare,2026-04-25 23:57:44
2024-05-21,159531,raw,0.885,0.886,0.871,0.878,480621,42261889.13,1.69,-1.01,-0.009,8.7,akshare,2026-04-25 23:57:44
2024-05-22,159531,raw,0.878,0.886,0.875,0.882,233168,20561274.62,1.25,0.46,0.004,4.22,akshare,2026-04-25 23:57:44
2024-05-23,159531,raw,0.882,0.882,0.862,0.865,455528,39571482.1,2.27,-1.93,-0.017,8.24,akshare,2026-04-25 23:57:44
2024-05-24,159531,raw,0.862,0.87,0.855,0.858,393160,33908884.314,1.73,-0.81,-0.007,7.11,akshare,2026-04-25 23:57:44
2024-05-27,159531,raw,0.856,0.863,0.843,0.862,454171,38658782.523,2.33,0.47,0.004,8.22,akshare,2026-04-25 23:57:44
2024-05-28,159531,raw,0.857,0.863,0.852,0.852,401530,34397618.8,1.28,-1.16,-0.01,7.27,akshare,2026-04-25 23:57:44
2024-05-29,159531,raw,0.853,0.861,0.85,0.855,242173,20732976.6,1.29,0.35,0.003,4.38,akshare,2026-04-25 23:57:44
2024-05-30,159531,raw,0.851,0.858,0.847,0.849,305964,26065790.1,1.29,-0.7,-0.006,5.54,akshare,2026-04-25 23:57:44
2024-05-31,159531,raw,0.855,0.861,0.85,0.858,243548,20857068.632,1.3,1.06,0.009,4.41,akshare,2026-04-25 23:57:44
2024-06-03,159531,raw,0.856,0.857,0.835,0.842,500245,42288965.4,2.56,-1.86,-0.016,9.05,akshare,2026-04-25 23:57:44
2024-06-04,159531,raw,0.839,0.839,0.824,0.834,749798,62252936.0,1.78,-0.95,-0.008,13.57,akshare,2026-04-25 23:57:44
2024-06-05,159531,raw,0.831,0.832,0.816,0.817,692205,57058776.2,1.92,-2.04,-0.017,12.53,akshare,2026-04-25 23:57:44
2024-06-06,159531,raw,0.818,0.822,0.781,0.789,3753782,297261465.5,5.02,-3.43,-0.028,67.93,akshare,2026-04-25 23:57:44
2024-06-07,159531,raw,0.8,0.803,0.786,0.8,4341777,345850667.5,2.15,1.39,0.011,78.57,akshare,2026-04-25 23:57:44
2024-06-11,159531,raw,0.794,0.806,0.783,0.804,2658957,211262974.0,2.88,0.5,0.004,48.12,akshare,2026-04-25 23:57:44
2024-06-12,159531,raw,0.804,0.819,0.802,0.817,2091418,169991806.7,2.11,1.62,0.013,37.85,akshare,2026-04-25 23:57:44
2024-06-13,159531,raw,0.815,0.821,0.812,0.813,1233634,100740433.7,1.1,-0.49,-0.004,22.32,akshare,2026-04-25 23:57:44
2024-06-14,159531,raw,0.809,0.819,0.802,0.817,788289,64153832.5,2.09,0.49,0.004,14.26,akshare,2026-04-25 23:57:44
2024-06-17,159531,raw,0.813,0.818,0.809,0.812,490271,39895275.2,1.1,-0.61,-0.005,8.87,akshare,2026-04-25 23:57:44
2024-06-18,159531,raw,0.812,0.827,0.81,0.827,794056,65193648.8,2.09,1.85,0.015,14.37,akshare,2026-04-25 23:57:44
2024-06-19,159531,raw,0.826,0.829,0.819,0.821,587142,48328998.1,1.21,-0.73,-0.006,10.62,akshare,2026-04-25 23:57:44
2024-06-20,159531,raw,0.821,0.822,0.802,0.803,705145,57130571.4,2.44,-2.19,-0.018,12.76,akshare,2026-04-25 23:57:44
2024-06-21,159531,raw,0.8,0.808,0.794,0.801,699263,56143365.6,1.74,-0.25,-0.002,12.65,akshare,2026-04-25 23:57:44
2024-06-24,159531,raw,0.796,0.796,0.771,0.773,949227,74079278.4,3.12,-3.5,-0.028,17.18,akshare,2026-04-25 23:57:44
2024-06-25,159531,raw,0.773,0.779,0.765,0.77,804858,62221509.6,1.81,-0.39,-0.003,14.56,akshare,2026-04-25 23:57:44
2024-06-26,159531,raw,0.768,0.795,0.761,0.795,1215442,94888362.2,4.42,3.25,0.025,21.99,akshare,2026-04-25 23:57:44
2024-06-27,159531,raw,0.788,0.795,0.777,0.78,1117742,87992366.6,2.26,-1.89,-0.015,20.23,akshare,2026-04-25 23:57:44
2024-06-28,159531,raw,0.775,0.795,0.775,0.783,977378,76975305.3,2.56,0.38,0.003,17.69,akshare,2026-04-25 23:57:44
2024-07-01,159531,raw,0.784,0.793,0.775,0.79,1045598,81848384.2,2.3,0.89,0.007,18.92,akshare,2026-04-25 23:57:44
2024-07-02,159531,raw,0.787,0.797,0.786,0.791,867104,68633167.3,1.39,0.13,0.001,15.69,akshare,2026-04-25 23:57:44
2024-07-03,159531,raw,0.79,0.79,0.781,0.781,718471,56383595.8,1.14,-1.26,-0.01,13.0,akshare,2026-04-25 23:57:44
2024-07-04,159531,raw,0.781,0.783,0.759,0.762,795765,61238708.7,3.07,-2.43,-0.019,14.4,akshare,2026-04-25 23:57:44
2024-07-05,159531,raw,0.76,0.772,0.749,0.769,897778,68336227.2,3.02,0.92,0.007,16.25,akshare,2026-04-25 23:57:44
2024-07-08,159531,raw,0.763,0.765,0.745,0.748,801591,60378454.0,2.6,-2.73,-0.021,14.51,akshare,2026-04-25 23:57:44
2024-07-09,159531,raw,0.747,0.762,0.734,0.76,1193942,89393267.1,3.74,1.6,0.012,21.61,akshare,2026-04-25 23:57:44
2024-07-10,159531,raw,0.756,0.764,0.753,0.754,919887,69786226.9,1.45,-0.79,-0.006,16.65,akshare,2026-04-25 23:57:44
2024-07-11,159531,raw,0.767,0.784,0.765,0.784,1152463,89282683.9,2.52,3.98,0.03,20.85,akshare,2026-04-25 23:57:44
2024-07-12,159531,raw,0.78,0.785,0.775,0.778,791556,61726075.2,1.28,-0.77,-0.006,14.32,akshare,2026-04-25 23:57:44
2024-07-15,159531,raw,0.772,0.775,0.761,0.764,608279,46647935.9,1.8,-1.8,-0.014,11.01,akshare,2026-04-25 23:57:44
2024-07-16,159531,raw,0.762,0.767,0.756,0.767,553246,42165576.0,1.44,0.39,0.003,10.01,akshare,2026-04-25 23:57:44
2024-07-17,159531,raw,0.764,0.766,0.752,0.752,612487,46392262.0,1.83,-1.96,-0.015,11.08,akshare,2026-04-25 23:57:44
2024-07-18,159531,raw,0.746,0.754,0.735,0.754,1245346,92718988.3,2.53,0.27,0.002,22.54,akshare,2026-04-25 23:57:44
2024-07-19,159531,raw,0.743,0.76,0.743,0.753,1032002,77767985.6,2.25,-0.13,-0.001,18.68,akshare,2026-04-25 23:57:44
2024-07-22,159531,raw,0.752,0.761,0.751,0.757,744562,56323002.5,1.33,0.53,0.004,13.47,akshare,2026-04-25 23:57:44
2024-07-23,159531,raw,0.758,0.762,0.744,0.745,868853,65525214.5,2.38,-1.59,-0.012,15.72,akshare,2026-04-25 23:57:44
2024-07-24,159531,raw,0.741,0.746,0.731,0.731,1184220,87291179.2,2.01,-1.88,-0.014,21.43,akshare,2026-04-25 23:57:44
2024-07-25,159531,raw,0.728,0.743,0.724,0.734,775423,56910540.1,2.6,0.41,0.003,14.03,akshare,2026-04-25 23:57:44
2024-07-26,159531,raw,0.734,0.749,0.734,0.749,756077,56353857.5,2.04,2.04,0.015,13.68,akshare,2026-04-25 23:57:44
2024-07-29,159531,raw,0.749,0.755,0.744,0.751,1126404,84265016.3,1.47,0.27,0.002,20.38,akshare,2026-04-25 23:57:44
2024-07-30,159531,raw,0.751,0.761,0.747,0.758,714455,53922435.1,1.86,0.93,0.007,12.93,akshare,2026-04-25 23:57:44
2024-07-31,159531,raw,0.756,0.786,0.756,0.786,983454,76299061.7,3.96,3.69,0.028,17.8,akshare,2026-04-25 23:57:44
2024-08-01,159531,raw,0.783,0.79,0.781,0.784,739755,58128643.5,1.15,-0.25,-0.002,13.39,akshare,2026-04-25 23:57:44
2024-08-02,159531,raw,0.779,0.789,0.774,0.775,735328,57474487.0,1.91,-1.15,-0.009,13.31,akshare,2026-04-25 23:57:44
2024-08-05,159531,raw,0.77,0.782,0.753,0.753,888158,68165574.7,3.74,-2.84,-0.022,16.07,akshare,2026-04-25 23:57:44
2024-08-06,159531,raw,0.763,0.769,0.757,0.769,668085,50953410.0,1.59,2.12,0.016,12.09,akshare,2026-04-25 23:57:44
2024-08-07,159531,raw,0.766,0.774,0.764,0.769,621811,47877849.5,1.3,0.0,0.0,11.25,akshare,2026-04-25 23:57:44
2024-08-08,159531,raw,0.765,0.772,0.757,0.766,550856,42145702.1,1.95,-0.39,-0.003,9.97,akshare,2026-04-25 23:57:44
2024-08-09,159531,raw,0.769,0.773,0.761,0.762,460825,35332040.0,1.57,-0.52,-0.004,8.34,akshare,2026-04-25 23:57:44
2024-08-12,159531,raw,0.759,0.761,0.75,0.753,397148,29979897.9,1.44,-1.18,-0.009,7.19,akshare,2026-04-25 23:57:44
2024-08-13,159531,raw,0.753,0.76,0.747,0.76,389895,29443015.6,1.73,0.93,0.007,7.06,akshare,2026-04-25 23:57:44
2024-08-14,159531,raw,0.76,0.763,0.756,0.756,343153,26047355.6,0.92,-0.53,-0.004,6.21,akshare,2026-04-25 23:57:44
2024-08-15,159531,raw,0.754,0.769,0.751,0.765,672045,51219786.5,2.38,1.19,0.009,12.16,akshare,2026-04-25 23:57:44
2024-08-16,159531,raw,0.764,0.77,0.762,0.764,694064,53167131.8,1.05,-0.13,-0.001,12.56,akshare,2026-04-25 23:57:44
2024-08-19,159531,raw,0.762,0.769,0.758,0.76,661528,50416810.1,1.44,-0.52,-0.004,11.97,akshare,2026-04-25 23:57:44
2024-08-20,159531,raw,0.76,0.76,0.744,0.745,635036,47523557.7,2.11,-1.97,-0.015,11.49,akshare,2026-04-25 23:57:44
2024-08-21,159531,raw,0.742,0.749,0.741,0.745,248502,18538259.5,1.07,0.0,0.0,4.5,akshare,2026-04-25 23:57:44
2024-08-22,159531,raw,0.745,0.748,0.732,0.734,582327,42913377.3,2.15,-1.48,-0.011,10.54,akshare,2026-04-25 23:57:44
2024-08-23,159531,raw,0.737,0.737,0.722,0.728,454258,33070658.6,2.04,-0.82,-0.006,8.22,akshare,2026-04-25 23:57:44
2024-08-26,159531,raw,0.726,0.737,0.725,0.736,469398,34450014.3,1.65,1.1,0.008,8.49,akshare,2026-04-25 23:57:44
2024-08-27,159531,raw,0.733,0.735,0.722,0.726,528701,38486465.1,1.77,-1.36,-0.01,9.57,akshare,2026-04-25 23:57:44
2024-08-28,159531,raw,0.723,0.735,0.719,0.728,373537,27188395.3,2.2,0.28,0.002,6.76,akshare,2026-04-25 23:57:44
2024-08-29,159531,raw,0.725,0.742,0.722,0.74,546962,40194498.6,2.75,1.65,0.012,9.9,akshare,2026-04-25 23:57:44
2024-08-30,159531,raw,0.739,0.767,0.737,0.755,759951,57368008.2,4.05,2.03,0.015,13.75,akshare,2026-04-25 23:57:44
2024-09-02,159531,raw,0.751,0.759,0.741,0.741,650327,48845074.0,2.38,-1.85,-0.014,11.77,akshare,2026-04-25 23:57:44
2024-09-03,159531,raw,0.742,0.753,0.741,0.75,459608,34339514.5,1.62,1.21,0.009,8.32,akshare,2026-04-25 23:57:44
2024-09-04,159531,raw,0.744,0.753,0.742,0.746,383492,28638956.9,1.47,-0.53,-0.004,6.94,akshare,2026-04-25 23:57:44
2024-09-05,159531,raw,0.746,0.757,0.744,0.755,370045,27813249.8,1.74,1.21,0.009,6.7,akshare,2026-04-25 23:57:44
2024-09-06,159531,raw,0.756,0.756,0.74,0.742,415919,31046607.9,2.12,-1.72,-0.013,7.53,akshare,2026-04-25 23:57:44
2024-09-09,159531,raw,0.739,0.745,0.73,0.736,298823,22055017.6,2.02,-0.81,-0.006,5.41,akshare,2026-04-25 23:57:44
2024-09-10,159531,raw,0.736,0.746,0.727,0.741,455312,33513900.9,2.58,0.68,0.005,8.24,akshare,2026-04-25 23:57:44
2024-09-11,159531,raw,0.736,0.742,0.734,0.737,283285,20886194.3,1.08,-0.54,-0.004,5.13,akshare,2026-04-25 23:57:44
2024-09-12,159531,raw,0.739,0.745,0.736,0.737,322095,23852627.8,1.22,0.0,0.0,5.83,akshare,2026-04-25 23:57:44
2024-09-13,159531,raw,0.738,0.738,0.725,0.727,353355,25818921.3,1.76,-1.36,-0.01,6.39,akshare,2026-04-25 23:57:44
2024-09-18,159531,raw,0.724,0.726,0.708,0.72,663515,47509610.5,2.48,-0.96,-0.007,12.01,akshare,2026-04-25 23:57:44
2024-09-19,159531,raw,0.718,0.741,0.716,0.738,821181,60163237.5,3.47,2.5,0.018,14.86,akshare,2026-04-25 23:57:44
2024-09-20,159531,raw,0.735,0.738,0.731,0.736,504755,37060093.9,0.95,-0.27,-0.002,9.13,akshare,2026-04-25 23:57:44
2024-09-23,159531,raw,0.735,0.741,0.731,0.736,418238,30848287.5,1.36,0.0,0.0,7.57,akshare,2026-04-25 23:57:44
2024-09-24,159531,raw,0.743,0.763,0.736,0.763,1027091,77138663.7,3.67,3.67,0.027,18.59,akshare,2026-04-25 23:57:44
2024-09-25,159531,raw,0.768,0.786,0.767,0.771,1323714,102654259.8,2.49,1.05,0.008,23.95,akshare,2026-04-25 23:57:44
2024-09-26,159531,raw,0.766,0.799,0.765,0.797,1247288,97493752.6,4.41,3.37,0.026,22.57,akshare,2026-04-25 23:57:44
2024-09-27,159531,raw,0.81,0.877,0.804,0.87,2208399,183748081.469,9.16,9.16,0.073,39.96,akshare,2026-04-25 23:57:44
2024-09-30,159531,raw,0.901,0.957,0.843,0.955,5059905,454820933.913,13.1,9.77,0.085,91.56,akshare,2026-04-25 23:57:44
2024-10-08,159531,raw,1.049,1.051,0.924,1.04,4110718,412056518.718,13.3,8.9,0.085,74.39,akshare,2026-04-25 23:57:44
2024-10-09,159531,raw,0.978,0.979,0.936,0.936,2698496,256663877.79,4.13,-10.0,-0.104,48.83,akshare,2026-04-25 23:57:44
2024-10-10,159531,raw,0.912,0.94,0.891,0.907,2451776,223971806.809,5.24,-3.1,-0.029,44.37,akshare,2026-04-25 23:57:44
2024-10-11,159531,raw,0.895,0.902,0.861,0.873,1659739,146702180.6,4.52,-3.75,-0.034,30.03,akshare,2026-04-25 23:57:44
2024-10-14,159531,raw,0.876,0.906,0.862,0.904,2077143,183710133.398,5.04,3.55,0.031,37.59,akshare,2026-04-25 23:57:44
2024-10-15,159531,raw,0.9,0.92,0.886,0.893,1353950,122612699.314,3.76,-1.22,-0.011,24.5,akshare,2026-04-25 23:57:44
2024-10-16,159531,raw,0.878,0.91,0.871,0.899,890835,79821735.477,4.37,0.67,0.006,16.12,akshare,2026-04-25 23:57:44
2024-10-17,159531,raw,0.9,0.915,0.898,0.9,852429,77355599.445,1.89,0.11,0.001,15.43,akshare,2026-04-25 23:57:44
2024-10-18,159531,raw,0.9,0.955,0.887,0.936,1357808,125217606.33,7.56,4.0,0.036,24.57,akshare,2026-04-25 23:57:44
2024-10-21,159531,raw,0.926,0.96,0.925,0.95,1602043,151197042.94,3.74,1.5,0.014,28.99,akshare,2026-04-25 23:57:44
2024-10-22,159531,raw,0.945,0.967,0.944,0.96,965999,92368116.3,2.42,1.05,0.01,17.48,akshare,2026-04-25 23:57:44
2024-10-23,159531,raw,0.959,0.973,0.951,0.957,924932,88994430.8,2.29,-0.31,-0.003,16.74,akshare,2026-04-25 23:57:44
2024-10-24,159531,raw,0.951,0.961,0.949,0.958,940848,89919157.158,1.25,0.1,0.001,17.03,akshare,2026-04-25 23:57:44
2024-10-25,159531,raw,0.964,0.985,0.961,0.983,1407713,137310526.6,2.51,2.61,0.025,25.47,akshare,2026-04-25 23:57:44
2024-10-28,159531,raw,0.983,1.016,0.983,1.015,1539880,154269354.7,3.36,3.26,0.032,27.87,akshare,2026-04-25 23:57:44
2024-10-29,159531,raw,1.02,1.021,0.99,0.992,1525111,153374676.6,3.05,-2.27,-0.023,27.6,akshare,2026-04-25 23:57:44
2024-10-30,159531,raw,0.985,1.001,0.979,0.997,972643,96530098.3,2.22,0.5,0.005,17.6,akshare,2026-04-25 23:57:44
2024-10-31,159531,raw,0.997,1.025,0.992,1.02,1414775,143094920.8,3.31,2.31,0.023,25.6,akshare,2026-04-25 23:57:44
2024-11-01,159531,raw,1.017,1.018,0.97,0.97,1330912,131673072.3,4.71,-4.9,-0.05,24.08,akshare,2026-04-25 23:57:44
2024-11-04,159531,raw,0.964,0.994,0.963,0.992,646372,63466340.9,3.2,2.27,0.022,11.7,akshare,2026-04-25 23:57:44
2024-11-05,159531,raw,0.992,1.028,0.99,1.026,1054937,106894882.025,3.83,3.43,0.034,19.09,akshare,2026-04-25 23:57:44
2024-11-06,159531,raw,1.026,1.043,1.02,1.034,1117265,115316066.9,2.24,0.78,0.008,20.22,akshare,2026-04-25 23:57:44
2024-11-07,159531,raw,1.018,1.064,1.018,1.062,1121646,117232940.3,4.45,2.71,0.028,20.3,akshare,2026-04-25 23:57:44
2024-11-08,159531,raw,1.072,1.078,1.054,1.063,1016661,108426044.658,2.26,0.09,0.001,18.4,akshare,2026-04-25 23:57:44
2024-11-11,159531,raw,1.051,1.085,1.048,1.085,669267,71605681.964,3.48,2.07,0.022,12.11,akshare,2026-04-25 23:57:44
2024-11-12,159531,raw,1.083,1.089,1.058,1.073,901419,97301020.376,2.86,-1.11,-0.012,16.31,akshare,2026-04-25 23:57:44
2024-11-13,159531,raw,1.069,1.075,1.044,1.073,623807,66176326.6,2.89,0.0,0.0,11.29,akshare,2026-04-25 23:57:44
2024-11-14,159531,raw,1.073,1.073,1.036,1.039,1045428,109991104.5,3.45,-3.17,-0.034,18.92,akshare,2026-04-25 23:57:44
2024-11-15,159531,raw,1.032,1.05,1.013,1.015,786643,81302397.325,3.56,-2.31,-0.024,14.24,akshare,2026-04-25 23:57:44
2024-11-18,159531,raw,1.018,1.025,0.978,0.986,1331493,132318841.222,4.63,-2.86,-0.029,24.09,akshare,2026-04-25 23:57:44
2024-11-19,159531,raw,0.988,1.026,0.984,1.026,703594,70251268.513,4.26,4.06,0.04,12.73,akshare,2026-04-25 23:57:44
2024-11-20,159531,raw,1.015,1.05,1.012,1.047,741472,76775107.4,3.7,2.05,0.021,13.42,akshare,2026-04-25 23:57:44
2024-11-21,159531,raw,1.046,1.054,1.036,1.048,715425,74866606.9,1.72,0.1,0.001,12.95,akshare,2026-04-25 23:57:44
2024-11-22,159531,raw,1.046,1.055,1.011,1.015,823407,85435019.934,4.2,-3.15,-0.033,14.9,akshare,2026-04-25 23:57:44
2024-11-25,159531,raw,1.012,1.04,1.002,1.036,677482,68929975.4,3.74,2.07,0.021,12.26,akshare,2026-04-25 23:57:44
2024-11-26,159531,raw,1.029,1.041,1.016,1.019,625691,64380848.2,2.41,-1.64,-0.017,11.32,akshare,2026-04-25 23:57:44
2024-11-27,159531,raw,1.011,1.036,0.989,1.034,1059863,107201995.3,4.61,1.47,0.015,19.18,akshare,2026-04-25 23:57:44
2024-11-28,159531,raw,1.032,1.054,1.03,1.041,1091271,113884917.5,2.32,0.68,0.007,19.75,akshare,2026-04-25 23:57:44
2024-11-29,159531,raw,1.035,1.067,1.028,1.061,1014756,106510957.0,3.75,1.92,0.02,18.36,akshare,2026-04-25 23:57:44
2024-12-02,159531,raw,1.06,1.086,1.055,1.086,1080700,116106020.5,2.92,2.36,0.025,19.56,akshare,2026-04-25 23:57:44
2024-12-03,159531,raw,1.087,1.096,1.077,1.089,1080418,117395625.2,1.75,0.28,0.003,19.55,akshare,2026-04-25 23:57:44
2024-12-04,159531,raw,1.086,1.091,1.065,1.07,848529,91260534.0,2.39,-1.74,-0.019,15.35,akshare,2026-04-25 23:57:44
2024-12-05,159531,raw,1.067,1.093,1.063,1.091,850200,92198805.7,2.8,1.96,0.021,15.39,akshare,2026-04-25 23:57:44
2024-12-06,159531,raw,1.092,1.108,1.081,1.104,962761,105509005.6,2.47,1.19,0.013,17.42,akshare,2026-04-25 23:57:44
2024-12-09,159531,raw,1.102,1.109,1.087,1.098,892068,97939386.4,1.99,-0.54,-0.006,16.14,akshare,2026-04-25 23:57:44
2024-12-10,159531,raw,1.135,1.135,1.107,1.112,1156730,129700643.2,2.55,1.28,0.014,20.93,akshare,2026-04-25 23:57:44
2024-12-11,159531,raw,1.105,1.131,1.105,1.131,1056146,118316393.281,2.34,1.71,0.019,19.11,akshare,2026-04-25 23:57:44
2024-12-12,159531,raw,1.131,1.145,1.121,1.143,1242009,140997955.4,2.12,1.06,0.012,22.48,akshare,2026-04-25 23:57:44
2024-12-13,159531,raw,1.132,1.142,1.124,1.126,1316640,149377554.4,1.57,-1.49,-0.017,23.83,akshare,2026-04-25 23:57:44
2024-12-16,159531,raw,1.125,1.131,1.11,1.113,1318132,147754953.754,1.87,-1.15,-0.013,23.85,akshare,2026-04-25 23:57:44
2024-12-17,159531,raw,1.112,1.112,1.064,1.068,1809130,195534513.65,4.31,-4.04,-0.045,32.74,akshare,2026-04-25 23:57:44
2024-12-18,159531,raw,1.066,1.084,1.049,1.073,1465771,156767793.44,3.28,0.47,0.005,26.52,akshare,2026-04-25 23:57:44
2024-12-19,159531,raw,1.057,1.08,1.055,1.075,1326181,141431398.882,2.33,0.19,0.002,24.0,akshare,2026-04-25 23:57:44
2024-12-20,159531,raw,1.074,1.098,1.073,1.09,1307340,142273651.7,2.33,1.4,0.015,23.66,akshare,2026-04-25 23:57:44
2024-12-23,159531,raw,1.087,1.087,1.036,1.037,1791229,189486637.7,4.68,-4.86,-0.053,32.41,akshare,2026-04-25 23:57:44
2024-12-24,159531,raw,1.039,1.052,1.026,1.049,1171872,121971978.712,2.51,1.16,0.012,21.21,akshare,2026-04-25 23:57:44
2024-12-25,159531,raw,1.041,1.044,1.011,1.024,2876089,295184890.464,3.15,-2.38,-0.025,52.05,akshare,2026-04-25 23:57:44
2024-12-26,159531,raw,1.026,1.046,1.024,1.041,2026864,210362763.324,2.15,1.66,0.017,36.68,akshare,2026-04-25 23:57:44
2024-12-27,159531,raw,1.039,1.062,1.035,1.047,1398301,147059320.341,2.59,0.58,0.006,25.3,akshare,2026-04-25 23:57:44
2024-12-30,159531,raw,1.04,1.046,1.025,1.039,2357608,245036729.9,2.01,-0.76,-0.008,42.66,akshare,2026-04-25 23:57:44
2024-12-31,159531,raw,1.039,1.045,1.004,1.004,1752451,178976592.14,3.95,-3.37,-0.035,31.71,akshare,2026-04-25 23:57:44
2025-01-02,159531,raw,1.001,1.022,0.982,0.995,2593862,260531239.64,3.98,-0.9,-0.009,46.94,akshare,2026-04-25 23:57:44
2025-01-03,159531,raw,0.998,1.001,0.948,0.954,2455498,237419894.341,5.33,-4.12,-0.041,44.43,akshare,2026-04-25 23:57:44
2025-01-06,159531,raw,0.94,0.956,0.92,0.939,2290126,215308568.459,3.77,-1.57,-0.015,41.44,akshare,2026-04-25 23:57:44
2025-01-07,159531,raw,0.935,0.971,0.935,0.971,2223080,211531748.9,3.83,3.41,0.032,40.23,akshare,2026-04-25 23:57:44
2025-01-08,159531,raw,0.963,0.979,0.938,0.972,1982054,190287567.3,4.22,0.1,0.001,35.87,akshare,2026-04-25 23:57:44
2025-01-09,159531,raw,0.962,0.981,0.959,0.975,1548004,151012140.5,2.26,0.31,0.003,28.01,akshare,2026-04-25 23:57:44
2025-01-10,159531,raw,0.973,0.984,0.945,0.947,1355212,130770148.6,4.0,-2.87,-0.028,24.52,akshare,2026-04-25 23:57:44
2025-01-13,159531,raw,0.932,0.954,0.918,0.946,1083457,101464407.0,3.8,-0.11,-0.001,19.61,akshare,2026-04-25 23:57:44
2025-01-14,159531,raw,0.95,1.0,0.95,1.0,2455677,241189345.5,5.29,5.71,0.054,44.44,akshare,2026-04-25 23:57:44
2025-01-15,159531,raw,0.998,1.003,0.99,0.994,1559465,155189513.9,1.3,-0.6,-0.006,28.22,akshare,2026-04-25 23:57:44
2025-01-16,159531,raw,1.0,1.016,0.988,1.003,1662308,166815430.0,2.82,0.91,0.009,30.08,akshare,2026-04-25 23:57:44
2025-01-17,159531,raw,0.993,1.008,0.99,1.001,1226385,122562987.4,1.79,-0.2,-0.002,22.19,akshare,2026-04-25 23:57:44
2025-01-20,159531,raw,1.008,1.018,0.998,1.012,1537263,155424127.2,2.0,1.1,0.011,27.82,akshare,2026-04-25 23:57:44
2025-01-21,159531,raw,1.02,1.02,1.0,1.015,1651406,166576054.1,1.98,0.3,0.003,29.88,akshare,2026-04-25 23:57:44
2025-01-22,159531,raw,1.011,1.011,0.998,1.001,1109453,111406916.6,1.28,-1.38,-0.014,20.08,akshare,2026-04-25 23:57:44
2025-01-23,159531,raw,1.009,1.027,0.999,0.999,1202941,122087156.6,2.8,-0.2,-0.002,21.77,akshare,2026-04-25 23:57:44
2025-01-24,159531,raw,0.998,1.017,0.993,1.016,1227911,123615255.6,2.4,1.7,0.017,22.22,akshare,2026-04-25 23:57:44
2025-01-27,159531,raw,1.017,1.022,0.996,0.999,1118117,112716552.3,2.56,-1.67,-0.017,20.23,akshare,2026-04-25 23:57:44
2025-02-05,159531,raw,1.004,1.015,1.001,1.01,952975,96085196.6,1.4,1.1,0.011,17.25,akshare,2026-04-25 23:57:44
2025-02-06,159531,raw,1.01,1.042,1.004,1.042,1227144,126124272.1,3.76,3.17,0.032,22.21,akshare,2026-04-25 23:57:44
2025-02-07,159531,raw,1.04,1.066,1.038,1.054,1913894,201491297.214,2.69,1.15,0.012,34.63,akshare,2026-04-25 23:57:44
2025-02-10,159531,raw,1.054,1.078,1.053,1.078,1183150,126079848.785,2.37,2.28,0.024,21.41,akshare,2026-04-25 23:57:44
2025-02-11,159531,raw,1.079,1.082,1.066,1.074,1289995,138535720.646,1.48,-0.37,-0.004,23.34,akshare,2026-04-25 23:57:44
2025-02-12,159531,raw,1.072,1.09,1.07,1.089,1371056,148171808.288,1.86,1.4,0.015,24.81,akshare,2026-04-25 23:57:44
2025-02-13,159531,raw,1.088,1.092,1.075,1.078,1190797,128949344.0,1.56,-1.01,-0.011,21.55,akshare,2026-04-25 23:57:44
2025-02-14,159531,raw,1.077,1.08,1.067,1.074,1298422,139451398.271,1.21,-0.37,-0.004,23.5,akshare,2026-04-25 23:57:44
2025-02-17,159531,raw,1.077,1.097,1.076,1.096,1145847,124734295.772,1.96,2.05,0.022,20.74,akshare,2026-04-25 23:57:44
2025-02-18,159531,raw,1.091,1.093,1.062,1.066,1315009,141650409.2,2.83,-2.74,-0.03,23.8,akshare,2026-04-25 23:57:44
2025-02-19,159531,raw,1.064,1.096,1.06,1.095,1156764,125380358.715,3.38,2.72,0.029,20.93,akshare,2026-04-25 23:57:44
2025-02-20,159531,raw,1.098,1.112,1.091,1.109,966929,106658578.505,1.92,1.28,0.014,17.5,akshare,2026-04-25 23:57:44
2025-02-21,159531,raw,1.113,1.126,1.1,1.122,1180475,131630575.7,2.34,1.17,0.013,21.36,akshare,2026-04-25 23:57:44
2025-02-24,159531,raw,1.119,1.132,1.112,1.122,1142449,128067654.19,1.78,0.0,0.0,20.67,akshare,2026-04-25 23:57:44
2025-02-25,159531,raw,1.111,1.135,1.099,1.121,1124253,126227319.399,3.21,-0.09,-0.001,20.34,akshare,2026-04-25 23:57:44
2025-02-26,159531,raw,1.122,1.144,1.122,1.144,1135144,128783810.8,1.96,2.05,0.023,20.54,akshare,2026-04-25 23:57:44
2025-02-27,159531,raw,1.14,1.146,1.116,1.138,1133710,128526043.21,2.62,-0.52,-0.006,20.52,akshare,2026-04-25 23:57:44
2025-02-28,159531,raw,1.136,1.136,1.087,1.092,1368946,151742599.053,4.31,-4.04,-0.046,24.77,akshare,2026-04-25 23:57:44
2025-03-03,159531,raw,1.091,1.111,1.084,1.092,993818,108980871.538,2.47,0.0,0.0,17.98,akshare,2026-04-25 23:57:44
2025-03-04,159531,raw,1.078,1.109,1.076,1.108,972744,106981599.928,3.02,1.47,0.016,17.6,akshare,2026-04-25 23:57:44
2025-03-05,159531,raw,1.105,1.118,1.096,1.116,648078,71774212.609,1.99,0.72,0.008,11.73,akshare,2026-04-25 23:57:44
2025-03-06,159531,raw,1.124,1.146,1.121,1.141,936505,106443639.0,2.24,2.24,0.025,16.95,akshare,2026-04-25 23:57:44
2025-03-07,159531,raw,1.141,1.148,1.126,1.135,928777,105747703.667,1.93,-0.53,-0.006,16.81,akshare,2026-04-25 23:57:44
2025-03-10,159531,raw,1.131,1.142,1.128,1.139,965741,109625399.192,1.23,0.35,0.004,17.48,akshare,2026-04-25 23:57:44
2025-03-11,159531,raw,1.122,1.143,1.121,1.143,808565,91493941.4,1.93,0.35,0.004,14.63,akshare,2026-04-25 23:57:44
2025-03-12,159531,raw,1.148,1.162,1.145,1.151,804627,92820828.36,1.49,0.7,0.008,14.56,akshare,2026-04-25 23:57:44
2025-03-13,159531,raw,1.15,1.151,1.117,1.132,1168862,132327406.518,2.95,-1.65,-0.019,21.15,akshare,2026-04-25 23:57:44
2025-03-14,159531,raw,1.127,1.153,1.118,1.153,1114489,126851211.229,3.09,1.86,0.021,20.17,akshare,2026-04-25 23:57:44
2025-03-17,159531,raw,1.158,1.163,1.148,1.156,696290,80493710.4,1.3,0.26,0.003,12.6,akshare,2026-04-25 23:57:44
2025-03-18,159531,raw,1.162,1.168,1.156,1.168,753816,87678828.581,1.04,1.04,0.012,13.64,akshare,2026-04-25 23:57:44
2025-03-19,159531,raw,1.164,1.169,1.155,1.159,828107,96090769.306,1.2,-0.77,-0.009,14.99,akshare,2026-04-25 23:57:44
2025-03-20,159531,raw,1.158,1.174,1.152,1.164,764702,89064700.5,1.9,0.43,0.005,13.84,akshare,2026-04-25 23:57:44
2025-03-21,159531,raw,1.157,1.157,1.132,1.138,1243801,142417468.6,2.15,-2.23,-0.026,22.51,akshare,2026-04-25 23:57:44
2025-03-24,159531,raw,1.136,1.137,1.09,1.116,1497583,166516709.5,4.13,-1.93,-0.022,27.1,akshare,2026-04-25 23:57:44
2025-03-25,159531,raw,1.112,1.118,1.1,1.107,1027602,113994473.0,1.61,-0.81,-0.009,18.6,akshare,2026-04-25 23:57:44
2025-03-26,159531,raw,1.105,1.128,1.101,1.118,1163982,130180933.722,2.44,0.99,0.011,21.06,akshare,2026-04-25 23:57:44
2025-03-27,159531,raw,1.116,1.123,1.099,1.11,1296928,144030443.616,2.15,-0.72,-0.008,23.47,akshare,2026-04-25 23:57:44
2025-03-28,159531,raw,1.104,1.113,1.093,1.093,957307,105475005.533,1.8,-1.53,-0.017,17.32,akshare,2026-04-25 23:57:44
2025-03-31,159531,raw,1.083,1.089,1.06,1.078,1274676,136368024.468,2.65,-1.37,-0.015,23.07,akshare,2026-04-25 23:57:44
2025-04-01,159531,raw,1.082,1.097,1.079,1.09,799320,87195702.09,1.67,1.11,0.012,14.46,akshare,2026-04-25 23:57:44
2025-04-02,159531,raw,1.088,1.102,1.082,1.094,729038,79914412.5,1.83,0.37,0.004,13.19,akshare,2026-04-25 23:57:44
2025-04-03,159531,raw,1.081,1.099,1.073,1.082,855088,92772846.9,2.38,-1.1,-0.012,15.47,akshare,2026-04-25 23:57:44
2025-04-07,159531,raw,1.028,1.05,0.974,0.974,1304594,128662987.5,7.02,-9.98,-0.108,23.61,akshare,2026-04-25 23:57:44
2025-04-08,159531,raw,0.95,0.979,0.919,0.942,3514998,329230092.9,6.16,-3.29,-0.032,63.61,akshare,2026-04-25 23:57:44
2025-04-09,159531,raw,0.915,0.974,0.865,0.968,4077780,378106269.2,11.57,2.76,0.026,73.79,akshare,2026-04-25 23:57:44
2025-04-10,159531,raw,0.977,1.011,0.977,0.994,2955186,294684103.4,3.51,2.69,0.026,53.48,akshare,2026-04-25 23:57:44
2025-04-11,159531,raw,0.975,1.017,0.974,1.004,2184015,219218209.2,4.33,1.01,0.01,39.52,akshare,2026-04-25 23:57:44
2025-04-14,159531,raw,1.014,1.035,1.014,1.028,1153118,118400440.493,2.09,2.39,0.024,20.87,akshare,2026-04-25 23:57:44
2025-04-15,159531,raw,1.029,1.031,1.016,1.027,1147160,117328992.761,1.46,-0.1,-0.001,20.76,akshare,2026-04-25 23:57:44
2025-04-16,159531,raw,1.022,1.025,0.995,1.008,1336250,134960434.496,2.92,-1.85,-0.019,24.18,akshare,2026-04-25 23:57:44
2025-04-17,159531,raw,0.998,1.024,0.998,1.016,1159622,117920507.9,2.58,0.79,0.008,20.98,akshare,2026-04-25 23:57:44
2025-04-18,159531,raw,1.012,1.02,1.004,1.014,827191,83706247.3,1.57,-0.2,-0.002,14.97,akshare,2026-04-25 23:57:44
2025-04-21,159531,raw,1.012,1.037,1.006,1.037,874641,89752068.5,3.06,2.27,0.023,15.83,akshare,2026-04-25 23:57:44
2025-04-22,159531,raw,1.036,1.04,1.029,1.034,1013264,104849461.4,1.06,-0.29,-0.003,18.34,akshare,2026-04-25 23:57:44
2025-04-23,159531,raw,1.038,1.054,1.038,1.049,1063147,111226950.7,1.55,1.45,0.015,19.24,akshare,2026-04-25 23:57:44
2025-04-24,159531,raw,1.049,1.05,1.031,1.038,1066769,111040111.8,1.81,-1.05,-0.011,19.3,akshare,2026-04-25 23:57:44
2025-04-25,159531,raw,1.04,1.05,1.033,1.041,741513,77269584.9,1.64,0.29,0.003,13.42,akshare,2026-04-25 23:57:44
2025-04-28,159531,raw,1.039,1.041,1.023,1.026,831834,85627168.8,1.73,-1.44,-0.015,15.05,akshare,2026-04-25 23:57:44
2025-04-29,159531,raw,1.022,1.041,1.019,1.037,706353,73079465.3,2.14,1.07,0.011,12.78,akshare,2026-04-25 23:57:44
2025-04-30,159531,raw,1.039,1.056,1.039,1.052,861454,90375934.3,1.64,1.45,0.015,15.59,akshare,2026-04-25 23:57:44
2025-05-06,159531,raw,1.059,1.087,1.059,1.087,944668,101543464.9,2.66,3.33,0.035,17.09,akshare,2026-04-25 23:57:44
2025-05-07,159531,raw,1.106,1.108,1.079,1.091,1293696,141355882.9,2.67,0.37,0.004,23.41,akshare,2026-04-25 23:57:44
2025-05-08,159531,raw,1.086,1.105,1.084,1.104,984584,108243001.0,1.92,1.19,0.013,17.82,akshare,2026-04-25 23:57:44
2025-05-09,159531,raw,1.104,1.104,1.082,1.088,1274834,139072146.6,1.99,-1.45,-0.016,23.07,akshare,2026-04-25 23:57:44
2025-05-12,159531,raw,1.096,1.106,1.092,1.106,1112891,122311507.0,1.29,1.65,0.018,20.14,akshare,2026-04-25 23:57:44
2025-05-13,159531,raw,1.115,1.119,1.098,1.1,1318420,145674894.7,1.9,-0.54,-0.006,23.86,akshare,2026-04-25 23:57:44
2025-05-14,159531,raw,1.097,1.111,1.094,1.105,1157367,127375129.8,1.55,0.45,0.005,20.94,akshare,2026-04-25 23:57:44
2025-05-15,159531,raw,1.101,1.102,1.087,1.09,1208413,131954635.8,1.36,-1.36,-0.015,21.87,akshare,2026-04-25 23:57:44
2025-05-16,159531,raw,1.083,1.104,1.08,1.097,992744,108881882.2,2.2,0.64,0.007,17.96,akshare,2026-04-25 23:57:44
2025-05-19,159531,raw,1.095,1.107,1.086,1.107,963452,105751742.8,1.91,0.91,0.01,17.43,akshare,2026-04-25 23:57:44
2025-05-20,159531,raw,1.106,1.118,1.102,1.118,1029854,114603417.3,1.45,0.99,0.011,18.64,akshare,2026-04-25 23:57:44
2025-05-21,159531,raw,1.114,1.116,1.103,1.109,851118,94359289.8,1.16,-0.81,-0.009,15.4,akshare,2026-04-25 23:57:44
2025-05-22,159531,raw,1.104,1.116,1.094,1.095,942516,103863240.4,1.98,-1.26,-0.014,17.06,akshare,2026-04-25 23:57:44
2025-05-23,159531,raw,1.094,1.104,1.082,1.084,1025378,112040733.7,2.01,-1.0,-0.011,18.56,akshare,2026-04-25 23:57:44
2025-05-26,159531,raw,1.081,1.096,1.08,1.096,893525,97308933.3,1.48,1.11,0.012,16.17,akshare,2026-04-25 23:57:44
2025-05-27,159531,raw,1.094,1.1,1.085,1.099,858075,93803974.8,1.37,0.27,0.003,15.53,akshare,2026-04-25 23:57:44
2025-05-28,159531,raw,1.099,1.102,1.091,1.094,673067,73766959.0,1.0,-0.45,-0.005,12.18,akshare,2026-04-25 23:57:44
2025-05-29,159531,raw,1.096,1.117,1.093,1.117,964920,106991851.6,2.19,2.1,0.023,17.46,akshare,2026-04-25 23:57:44
2025-05-30,159531,raw,1.114,1.114,1.093,1.095,928328,102116264.8,1.88,-1.97,-0.022,16.8,akshare,2026-04-25 23:57:44
2025-06-03,159531,raw,1.09,1.106,1.089,1.104,960920,105862541.49,1.55,0.82,0.009,17.39,akshare,2026-04-25 23:57:44
2025-06-04,159531,raw,1.105,1.116,1.104,1.115,656700,73011558.2,1.09,1.0,0.011,11.88,akshare,2026-04-25 23:57:44
2025-06-05,159531,raw,1.116,1.127,1.109,1.124,877560,98148301.6,1.61,0.81,0.009,15.88,akshare,2026-04-25 23:57:44
2025-06-06,159531,raw,1.12,1.123,1.117,1.12,439722,49235713.7,0.53,-0.36,-0.004,7.96,akshare,2026-04-25 23:57:44
2025-06-09,159531,raw,1.119,1.138,1.119,1.138,657495,74467508.2,1.7,1.61,0.018,11.9,akshare,2026-04-25 23:57:44
2025-06-10,159531,raw,1.141,1.141,1.112,1.129,957716,107895911.6,2.55,-0.79,-0.009,17.33,akshare,2026-04-25 23:57:44
2025-06-11,159531,raw,1.128,1.139,1.126,1.133,827234,93800581.4,1.15,0.35,0.004,14.97,akshare,2026-04-25 23:57:44
2025-06-12,159531,raw,1.126,1.139,1.125,1.136,551329,62537858.3,1.24,0.26,0.003,9.98,akshare,2026-04-25 23:57:44
2025-06-13,159531,raw,1.132,1.135,1.115,1.117,998231,111918434.702,1.76,-1.67,-0.019,18.06,akshare,2026-04-25 23:57:44
2025-06-16,159531,raw,1.108,1.129,1.108,1.129,645761,72527087.189,1.88,1.07,0.012,11.69,akshare,2026-04-25 23:57:44
2025-06-17,159531,raw,1.129,1.131,1.12,1.124,663116,74525555.517,0.97,-0.44,-0.005,12.0,akshare,2026-04-25 23:57:44
2025-06-18,159531,raw,1.124,1.124,1.111,1.122,853430,95375957.7,1.16,-0.18,-0.002,15.44,akshare,2026-04-25 23:57:44
2025-06-19,159531,raw,1.117,1.123,1.097,1.101,876222,97077752.908,2.32,-1.87,-0.021,15.86,akshare,2026-04-25 23:57:44
2025-06-20,159531,raw,1.098,1.106,1.089,1.092,699297,76639480.888,1.54,-0.82,-0.009,12.65,akshare,2026-04-25 23:57:44
2025-06-23,159531,raw,1.085,1.113,1.084,1.112,1136811,125063281.9,2.66,1.83,0.02,20.57,akshare,2026-04-25 23:57:44
2025-06-24,159531,raw,1.112,1.14,1.107,1.14,1181411,133577917.1,2.97,2.52,0.028,21.38,akshare,2026-04-25 23:57:44
2025-06-25,159531,raw,1.141,1.15,1.135,1.15,925367,105862824.6,1.32,0.88,0.01,16.75,akshare,2026-04-25 23:57:44
2025-06-26,159531,raw,1.149,1.157,1.143,1.147,729439,83852826.5,1.22,-0.26,-0.003,13.2,akshare,2026-04-25 23:57:44
2025-06-27,159531,raw,1.153,1.156,1.146,1.151,903261,104042906.751,0.87,0.35,0.004,16.35,akshare,2026-04-25 23:57:44
2025-06-30,159531,raw,1.155,1.17,1.152,1.17,819469,95286332.701,1.56,1.65,0.019,14.83,akshare,2026-04-25 23:57:44
2025-07-01,159531,raw,1.17,1.175,1.159,1.173,883281,103264657.876,1.37,0.26,0.003,15.98,akshare,2026-04-25 23:57:44
2025-07-02,159531,raw,1.172,1.172,1.158,1.163,590344,68697595.1,1.19,-0.85,-0.01,10.68,akshare,2026-04-25 23:57:44
2025-07-03,159531,raw,1.163,1.173,1.16,1.17,547884,63911010.134,1.12,0.6,0.007,9.91,akshare,2026-04-25 23:57:44
2025-07-04,159531,raw,1.169,1.173,1.157,1.161,877800,102163708.9,1.37,-0.77,-0.009,15.88,akshare,2026-04-25 23:57:44
2025-07-07,159531,raw,1.159,1.166,1.153,1.166,498970,57990321.2,1.12,0.43,0.005,9.03,akshare,2026-04-25 23:57:44
2025-07-08,159531,raw,1.166,1.184,1.164,1.183,735660,86554282.866,1.72,1.46,0.017,13.31,akshare,2026-04-25 23:57:44
2025-07-09,159531,raw,1.185,1.191,1.177,1.178,690509,81776674.7,1.18,-0.42,-0.005,12.5,akshare,2026-04-25 23:57:44
2025-07-10,159531,raw,1.179,1.186,1.173,1.18,658456,77658222.0,1.1,0.17,0.002,11.92,akshare,2026-04-25 23:57:44
2025-07-11,159531,raw,1.183,1.191,1.173,1.188,785431,92752088.72,1.53,0.68,0.008,14.21,akshare,2026-04-25 23:57:44
2025-07-14,159531,raw,1.185,1.196,1.183,1.193,663006,78930917.3,1.09,0.42,0.005,12.0,akshare,2026-04-25 23:57:44
2025-07-15,159531,raw,1.196,1.196,1.172,1.186,1501856,177439444.7,2.01,-0.59,-0.007,27.18,akshare,2026-04-25 23:57:44
2025-07-16,159531,raw,1.184,1.198,1.182,1.192,859002,102378879.982,1.35,0.51,0.006,15.54,akshare,2026-04-25 23:57:44
2025-07-17,159531,raw,1.193,1.208,1.19,1.207,641825,77105371.084,1.51,1.26,0.015,11.61,akshare,2026-04-25 23:57:44
2025-07-18,159531,raw,1.212,1.215,1.2,1.208,750249,90457775.0,1.24,0.08,0.001,13.58,akshare,2026-04-25 23:57:44
2025-07-21,159531,raw,1.21,1.229,1.209,1.227,812987,99090728.1,1.66,1.57,0.019,14.71,akshare,2026-04-25 23:57:44
2025-07-22,159531,raw,1.227,1.227,1.217,1.225,724673,88599196.6,0.81,-0.16,-0.002,13.11,akshare,2026-04-25 23:57:44
2025-07-23,159531,raw,1.226,1.226,1.212,1.214,787159,95953087.11,1.14,-0.9,-0.011,14.24,akshare,2026-04-25 23:57:44
2025-07-24,159531,raw,1.214,1.231,1.213,1.231,698462,85360725.849,1.48,1.4,0.017,12.64,akshare,2026-04-25 23:57:44
2025-07-25,159531,raw,1.228,1.231,1.222,1.229,605381,74276404.3,0.73,-0.16,-0.002,10.95,akshare,2026-04-25 23:57:44
2025-07-28,159531,raw,1.229,1.239,1.228,1.238,777434,95985283.0,0.9,0.73,0.009,14.07,akshare,2026-04-25 23:57:44
2025-07-29,159531,raw,1.237,1.244,1.228,1.244,989666,122169500.9,1.29,0.48,0.006,17.91,akshare,2026-04-25 23:57:44
2025-07-30,159531,raw,1.242,1.242,1.22,1.232,917210,113038681.6,1.77,-0.96,-0.012,16.6,akshare,2026-04-25 23:57:44
2025-07-31,159531,raw,1.226,1.239,1.22,1.224,1252410,154241912.008,1.54,-0.65,-0.008,22.66,akshare,2026-04-25 23:57:44
2025-08-01,159531,raw,1.219,1.232,1.219,1.23,764256,93831696.954,1.06,0.49,0.006,13.83,akshare,2026-04-25 23:57:44
2025-08-04,159531,raw,1.226,1.251,1.219,1.251,865691,107193881.75,2.6,1.71,0.021,15.67,akshare,2026-04-25 23:57:44
2025-08-05,159531,raw,1.252,1.262,1.25,1.261,684818,86004053.0,0.96,0.8,0.01,12.39,akshare,2026-04-25 23:57:44
2025-08-06,159531,raw,1.263,1.278,1.258,1.278,714901,90838540.2,1.59,1.35,0.017,12.94,akshare,2026-04-25 23:57:44
2025-08-07,159531,raw,1.28,1.281,1.269,1.275,925688,118031567.9,0.94,-0.23,-0.003,16.75,akshare,2026-04-25 23:57:44
2025-08-08,159531,raw,1.274,1.279,1.266,1.276,633695,80678328.45,1.02,0.08,0.001,11.47,akshare,2026-04-25 23:57:44
2025-08-11,159531,raw,1.278,1.297,1.276,1.296,990096,127769091.3,1.65,1.57,0.02,17.92,akshare,2026-04-25 23:57:44
2025-08-12,159531,raw,1.297,1.298,1.285,1.297,1125983,145639882.7,1.0,0.08,0.001,20.38,akshare,2026-04-25 23:57:44
2025-08-13,159531,raw,1.298,1.314,1.296,1.309,966166,125918955.668,1.39,0.93,0.012,17.48,akshare,2026-04-25 23:57:44
2025-08-14,159531,raw,1.309,1.315,1.286,1.288,1524281,197888699.8,2.22,-1.6,-0.021,27.58,akshare,2026-04-25 23:57:44
2025-08-15,159531,raw,1.283,1.316,1.283,1.316,1123192,146185682.2,2.56,2.17,0.028,20.33,akshare,2026-04-25 23:57:44
2025-08-18,159531,raw,1.319,1.344,1.319,1.338,1265483,168628145.3,1.9,1.67,0.022,22.9,akshare,2026-04-25 23:57:44
2025-08-19,159531,raw,1.341,1.357,1.333,1.353,1331812,178988602.224,1.79,1.12,0.015,24.1,akshare,2026-04-25 23:57:44
2025-08-20,159531,raw,1.346,1.359,1.332,1.358,1277636,172015167.2,2.0,0.37,0.005,23.12,akshare,2026-04-25 23:57:44
2025-08-21,159531,raw,1.359,1.361,1.339,1.347,1336923,180302814.806,1.62,-0.81,-0.011,24.19,akshare,2026-04-25 23:57:44
2025-08-22,159531,raw,1.344,1.357,1.341,1.355,1802594,243500545.1,1.19,0.59,0.008,32.62,akshare,2026-04-25 23:57:44
2025-08-25,159531,raw,1.36,1.375,1.35,1.37,1892726,258304789.742,1.85,1.11,0.015,34.25,akshare,2026-04-25 23:57:44
2025-08-26,159531,raw,1.369,1.379,1.358,1.368,1135504,155709700.3,1.53,-0.15,-0.002,20.55,akshare,2026-04-25 23:57:44
2025-08-27,159531,raw,1.37,1.379,1.339,1.342,1683653,229829567.576,2.92,-1.9,-0.026,30.47,akshare,2026-04-25 23:57:44
2025-08-28,159531,raw,1.341,1.352,1.302,1.349,2355890,314475510.13,3.73,0.52,0.007,42.63,akshare,2026-04-25 23:57:44
2025-08-29,159531,raw,1.341,1.354,1.335,1.342,1843687,247496109.303,1.41,-0.52,-0.007,33.36,akshare,2026-04-25 23:57:44
2025-09-01,159531,raw,1.339,1.362,1.339,1.36,1382332,186974588.6,1.71,1.34,0.018,25.01,akshare,2026-04-25 23:57:44
2025-09-02,159531,raw,1.359,1.359,1.316,1.33,1252251,167049632.434,3.16,-2.21,-0.03,22.66,akshare,2026-04-25 23:57:44
2025-09-03,159531,raw,1.331,1.336,1.296,1.303,1088574,143546784.422,3.01,-2.03,-0.027,19.7,akshare,2026-04-25 23:57:44
2025-09-04,159531,raw,1.303,1.315,1.266,1.287,1938656,251293230.1,3.76,-1.23,-0.016,35.08,akshare,2026-04-25 23:57:44
2025-09-05,159531,raw,1.288,1.322,1.276,1.32,1705022,221122598.8,3.57,2.56,0.033,30.85,akshare,2026-04-25 23:57:44
2025-09-08,159531,raw,1.321,1.338,1.314,1.338,1308515,173852912.7,1.82,1.36,0.018,23.68,akshare,2026-04-25 23:57:44
2025-09-09,159531,raw,1.337,1.337,1.312,1.322,1032131,136658742.504,1.87,-1.2,-0.016,18.68,akshare,2026-04-25 23:57:44
2025-09-10,159531,raw,1.32,1.331,1.312,1.321,646387,85510147.2,1.44,-0.08,-0.001,11.7,akshare,2026-04-25 23:57:44
2025-09-11,159531,raw,1.318,1.351,1.307,1.351,937929,124977256.402,3.33,2.27,0.03,16.97,akshare,2026-04-25 23:57:44
2025-09-12,159531,raw,1.35,1.357,1.34,1.349,1003686,135539894.752,1.26,-0.15,-0.002,18.16,akshare,2026-04-25 23:57:44
2025-09-15,159531,raw,1.349,1.353,1.34,1.344,1036120,139471630.036,0.96,-0.37,-0.005,18.75,akshare,2026-04-25 23:57:44
2025-09-16,159531,raw,1.35,1.371,1.344,1.371,856406,116217680.073,2.01,2.01,0.027,15.5,akshare,2026-04-25 23:57:44
2025-09-17,159531,raw,1.369,1.38,1.364,1.376,598913,82255542.6,1.17,0.36,0.005,10.84,akshare,2026-04-25 23:57:44
2025-09-18,159531,raw,1.372,1.392,1.343,1.36,1045807,143373641.55,3.56,-1.16,-0.016,18.92,akshare,2026-04-25 23:57:44
2025-09-19,159531,raw,1.358,1.366,1.341,1.347,608048,82258334.038,1.84,-0.96,-0.013,11.0,akshare,2026-04-25 23:57:44
2025-09-22,159531,raw,1.347,1.355,1.341,1.355,502543,67813992.918,1.04,0.59,0.008,9.09,akshare,2026-04-25 23:57:44
2025-09-23,159531,raw,1.355,1.355,1.308,1.334,1226739,162594800.238,3.47,-1.55,-0.021,22.2,akshare,2026-04-25 23:57:44
2025-09-24,159531,raw,1.323,1.357,1.317,1.357,941228,126357876.1,3.0,1.72,0.023,17.03,akshare,2026-04-25 23:57:44
2025-09-25,159531,raw,1.357,1.363,1.344,1.349,615714,83411043.7,1.4,-0.59,-0.008,11.14,akshare,2026-04-25 23:57:44
2025-09-26,159531,raw,1.342,1.347,1.326,1.326,664816,88829311.5,1.56,-1.7,-0.023,12.03,akshare,2026-04-25 23:57:44
2025-09-29,159531,raw,1.328,1.342,1.315,1.339,730736,97350538.661,2.04,0.98,0.013,13.22,akshare,2026-04-25 23:57:44
2025-09-30,159531,raw,1.341,1.348,1.339,1.343,559223,75125778.691,0.67,0.3,0.004,10.12,akshare,2026-04-25 23:57:44
2025-10-09,159531,raw,1.346,1.356,1.342,1.354,652551,88092388.407,1.04,0.82,0.011,11.81,akshare,2026-04-25 23:57:44
2025-10-10,159531,raw,1.348,1.354,1.337,1.339,1015602,136579118.468,1.26,-1.11,-0.015,18.38,akshare,2026-04-25 23:57:44
2025-10-13,159531,raw,1.285,1.342,1.285,1.34,808377,106761688.8,4.26,0.07,0.001,14.63,akshare,2026-04-25 23:57:44
2025-10-14,159531,raw,1.34,1.354,1.312,1.32,977923,130948198.1,3.13,-1.49,-0.02,17.7,akshare,2026-04-25 23:57:44
2025-10-15,159531,raw,1.319,1.343,1.309,1.343,475410,63095028.2,2.58,1.74,0.023,8.6,akshare,2026-04-25 23:57:44
2025-10-16,159531,raw,1.337,1.338,1.318,1.325,549971,73071867.6,1.49,-1.34,-0.018,9.95,akshare,2026-04-25 23:57:44
2025-10-17,159531,raw,1.324,1.325,1.285,1.285,548302,71276037.5,3.02,-3.02,-0.04,9.92,akshare,2026-04-25 23:57:44
2025-10-20,159531,raw,1.297,1.31,1.294,1.305,401903,52317501.886,1.25,1.56,0.02,7.27,akshare,2026-04-25 23:57:44
2025-10-21,159531,raw,1.311,1.329,1.299,1.329,545343,71915353.964,2.3,1.84,0.024,9.87,akshare,2026-04-25 23:57:44
2025-10-22,159531,raw,1.325,1.334,1.319,1.322,430517,57090985.511,1.13,-0.53,-0.007,7.79,akshare,2026-04-25 23:57:44
2025-10-23,159531,raw,1.322,1.324,1.3,1.32,525339,68783481.03,1.82,-0.15,-0.002,9.51,akshare,2026-04-25 23:57:44
2025-10-24,159531,raw,1.326,1.335,1.323,1.334,466359,62056746.851,0.91,1.06,0.014,8.44,akshare,2026-04-25 23:57:44
2025-10-27,159531,raw,1.345,1.349,1.334,1.347,489103,65725695.0,1.12,0.97,0.013,8.85,akshare,2026-04-25 23:57:44
2025-10-28,159531,raw,1.345,1.356,1.337,1.349,668246,90212082.0,1.41,0.15,0.002,12.09,akshare,2026-04-25 23:57:44
2025-10-29,159531,raw,1.35,1.355,1.338,1.355,621075,83611784.85,1.26,0.44,0.006,11.24,akshare,2026-04-25 23:57:44
2025-10-30,159531,raw,1.351,1.356,1.332,1.333,609139,81749545.555,1.77,-1.62,-0.022,11.02,akshare,2026-04-25 23:57:44
2025-10-31,159531,raw,1.338,1.354,1.333,1.347,715686,96503841.6,1.58,1.05,0.014,12.95,akshare,2026-04-25 23:57:44
2025-11-03,159531,raw,1.35,1.359,1.34,1.359,896116,120997782.115,1.41,0.89,0.012,16.22,akshare,2026-04-25 23:57:44
2025-11-04,159531,raw,1.358,1.359,1.336,1.345,689747,92885730.7,1.69,-1.03,-0.014,12.48,akshare,2026-04-25 23:57:44
2025-11-05,159531,raw,1.332,1.36,1.329,1.357,883197,119274282.2,2.3,0.89,0.012,15.98,akshare,2026-04-25 23:57:44
2025-11-06,159531,raw,1.357,1.366,1.349,1.364,800492,108677530.3,1.25,0.52,0.007,14.49,akshare,2026-04-25 23:57:44
2025-11-07,159531,raw,1.357,1.367,1.355,1.357,575226,78256775.73,0.88,-0.51,-0.007,10.41,akshare,2026-04-25 23:57:44
2025-11-10,159531,raw,1.361,1.368,1.358,1.367,563634,76863755.1,0.74,0.74,0.01,10.2,akshare,2026-04-25 23:57:44
2025-11-11,159531,raw,1.37,1.378,1.368,1.373,814412,111857523.9,0.73,0.44,0.006,14.74,akshare,2026-04-25 23:57:44
2025-11-12,159531,raw,1.373,1.374,1.352,1.365,795920,108346189.6,1.6,-0.58,-0.008,14.4,akshare,2026-04-25 23:57:44
2025-11-13,159531,raw,1.361,1.383,1.357,1.381,679764,93352513.6,1.9,1.17,0.016,12.3,akshare,2026-04-25 23:57:44
2025-11-14,159531,raw,1.375,1.384,1.368,1.37,626313,86275313.7,1.16,-0.8,-0.011,11.33,akshare,2026-04-25 23:57:44
2025-11-17,159531,raw,1.373,1.38,1.367,1.379,661088,90853595.42,0.95,0.66,0.009,11.96,akshare,2026-04-25 23:57:44
2025-11-18,159531,raw,1.378,1.378,1.355,1.363,885629,120743458.5,1.67,-1.16,-0.016,16.03,akshare,2026-04-25 23:57:44
2025-11-19,159531,raw,1.359,1.364,1.336,1.342,874959,117794833.592,2.05,-1.54,-0.021,15.83,akshare,2026-04-25 23:57:44
2025-11-20,159531,raw,1.348,1.35,1.329,1.333,1241769,165980147.0,1.56,-0.67,-0.009,22.47,akshare,2026-04-25 23:57:44
2025-11-21,159531,raw,1.323,1.328,1.278,1.278,1455352,188690734.956,3.75,-4.13,-0.055,26.34,akshare,2026-04-25 23:57:44
2025-11-24,159531,raw,1.284,1.307,1.278,1.302,1267108,163706004.244,2.27,1.88,0.024,22.93,akshare,2026-04-25 23:57:44
2025-11-25,159531,raw,1.301,1.332,1.301,1.323,1152799,152338795.3,2.38,1.61,0.021,20.86,akshare,2026-04-25 23:57:44
2025-11-26,159531,raw,1.323,1.334,1.316,1.318,826412,109528213.1,1.36,-0.38,-0.005,14.95,akshare,2026-04-25 23:57:44
2025-11-27,159531,raw,1.32,1.332,1.317,1.323,538167,71361247.652,1.14,0.38,0.005,9.74,akshare,2026-04-25 23:57:44
2025-11-28,159531,raw,1.319,1.343,1.315,1.341,723472,96424072.099,2.12,1.36,0.018,13.09,akshare,2026-04-25 23:57:44
2025-12-01,159531,raw,1.341,1.354,1.341,1.35,740776,99926565.3,0.97,0.67,0.009,13.41,akshare,2026-04-25 23:57:44
2025-12-02,159531,raw,1.347,1.348,1.336,1.346,723688,97174838.6,0.89,-0.3,-0.004,13.1,akshare,2026-04-25 23:57:44
2025-12-03,159531,raw,1.345,1.347,1.325,1.332,467737,62392726.2,1.63,-1.04,-0.014,8.46,akshare,2026-04-25 23:57:44
2025-12-04,159531,raw,1.33,1.333,1.314,1.323,504959,66848376.7,1.43,-0.68,-0.009,9.14,akshare,2026-04-25 23:57:44
2025-12-05,159531,raw,1.326,1.349,1.315,1.349,785369,104790490.7,2.57,1.97,0.026,14.21,akshare,2026-04-25 23:57:44
2025-12-08,159531,raw,1.347,1.369,1.347,1.365,669770,91122450.7,1.63,1.19,0.016,12.12,akshare,2026-04-25 23:57:44
2025-12-09,159531,raw,1.359,1.369,1.356,1.356,723591,98512381.7,0.95,-0.66,-0.009,13.09,akshare,2026-04-25 23:57:44
2025-12-10,159531,raw,1.354,1.365,1.347,1.362,639622,86764190.81,1.33,0.44,0.006,11.57,akshare,2026-04-25 23:57:44
2025-12-11,159531,raw,1.365,1.37,1.338,1.343,549135,74060860.5,2.35,-1.4,-0.019,9.94,akshare,2026-04-25 23:57:44
2025-12-12,159531,raw,1.341,1.355,1.334,1.349,666857,89627388.0,1.56,0.45,0.006,12.07,akshare,2026-04-25 23:57:44
2025-12-15,159531,raw,1.338,1.355,1.336,1.341,614839,82695366.1,1.41,-0.59,-0.008,11.13,akshare,2026-04-25 23:57:44
2025-12-16,159531,raw,1.336,1.34,1.313,1.319,622124,82400773.4,2.01,-1.64,-0.022,11.26,akshare,2026-04-25 23:57:44
2025-12-17,159531,raw,1.32,1.334,1.305,1.329,823999,108766100.1,2.2,0.76,0.01,14.91,akshare,2026-04-25 23:57:44
2025-12-18,159531,raw,1.32,1.345,1.318,1.335,717257,95775053.15,2.03,0.45,0.006,12.98,akshare,2026-04-25 23:57:44
2025-12-19,159531,raw,1.334,1.355,1.328,1.354,523860,70511721.75,2.02,1.42,0.019,9.48,akshare,2026-04-25 23:57:44
2025-12-22,159531,raw,1.354,1.368,1.35,1.36,554183,75446272.15,1.33,0.44,0.006,10.03,akshare,2026-04-25 23:57:44
2025-12-23,159531,raw,1.362,1.363,1.347,1.352,596398,80789333.8,1.18,-0.59,-0.008,10.79,akshare,2026-04-25 23:57:44
2025-12-24,159531,raw,1.352,1.38,1.351,1.38,912796,125048641.6,2.14,2.07,0.028,16.52,akshare,2026-04-25 23:57:44
2025-12-25,159531,raw,1.379,1.4,1.375,1.398,917884,127481945.7,1.81,1.3,0.018,16.61,akshare,2026-04-25 23:57:44
2025-12-26,159531,raw,1.4,1.405,1.384,1.394,1154052,160980752.3,1.5,-0.29,-0.004,20.88,akshare,2026-04-25 23:57:44
2025-12-29,159531,raw,1.392,1.398,1.385,1.392,631505,87913241.1,0.93,-0.14,-0.002,11.43,akshare,2026-04-25 23:57:44
2025-12-30,159531,raw,1.387,1.402,1.382,1.394,610481,85088957.4,1.44,0.14,0.002,11.05,akshare,2026-04-25 23:57:44
2025-12-31,159531,raw,1.391,1.4,1.38,1.395,744730,103717864.5,1.43,0.07,0.001,13.48,akshare,2026-04-25 23:57:44
2026-01-05,159531,raw,1.407,1.418,1.395,1.418,692472,97584923.868,1.65,1.65,0.023,12.53,akshare,2026-04-25 23:57:44
2026-01-06,159531,raw,1.418,1.435,1.414,1.435,668918,95442474.6,1.48,1.2,0.017,12.1,akshare,2026-04-25 23:57:44
2026-01-07,159531,raw,1.437,1.444,1.427,1.44,838039,120485654.3,1.18,0.35,0.005,15.17,akshare,2026-04-25 23:57:44
2026-01-08,159531,raw,1.437,1.467,1.432,1.461,1150067,167527918.4,2.43,1.46,0.021,20.81,akshare,2026-04-25 23:57:44
2026-01-09,159531,raw,1.46,1.489,1.458,1.486,1019982,150351513.9,2.12,1.71,0.025,18.46,akshare,2026-04-25 23:57:44
2026-01-12,159531,raw,1.492,1.537,1.49,1.53,1022108,154470340.513,3.16,2.96,0.044,18.5,akshare,2026-04-25 23:57:44
2026-01-13,159531,raw,1.535,1.535,1.49,1.504,1359468,205140188.8,2.94,-1.7,-0.026,24.6,akshare,2026-04-25 23:57:44
2026-01-14,159531,raw,1.504,1.539,1.487,1.513,1331049,201705861.203,3.46,0.6,0.009,24.09,akshare,2026-04-25 23:57:44
2026-01-15,159531,raw,1.49,1.506,1.48,1.494,1146936,171358031.369,1.72,-1.26,-0.019,20.75,akshare,2026-04-25 23:57:44
2026-01-16,159531,raw,1.498,1.507,1.485,1.499,1051181,157421757.5,1.47,0.33,0.005,19.02,akshare,2026-04-25 23:57:44
2026-01-19,159531,raw,1.49,1.519,1.488,1.517,852895,128782741.418,2.07,1.2,0.018,15.43,akshare,2026-04-25 23:57:44
2026-01-20,159531,raw,1.517,1.521,1.49,1.497,823758,123852749.29,2.04,-1.32,-0.02,14.91,akshare,2026-04-25 23:57:44
2026-01-21,159531,raw,1.495,1.519,1.485,1.516,665544,100432166.2,2.27,1.27,0.019,12.04,akshare,2026-04-25 23:57:44
2026-01-22,159531,raw,1.517,1.534,1.516,1.534,755721,115364449.9,1.19,1.19,0.018,13.68,akshare,2026-04-25 23:57:44
2026-01-23,159531,raw,1.54,1.566,1.533,1.56,810697,125728961.9,2.15,1.69,0.026,14.67,akshare,2026-04-25 23:57:44
2026-01-26,159531,raw,1.561,1.566,1.518,1.533,1011741,156043528.38,3.08,-1.73,-0.027,18.31,akshare,2026-04-25 23:57:44
2026-01-27,159531,raw,1.521,1.542,1.494,1.542,988661,149918850.5,3.13,0.59,0.009,17.89,akshare,2026-04-25 23:57:44
2026-01-28,159531,raw,1.533,1.543,1.522,1.526,747210,114152993.7,1.36,-1.04,-0.016,13.52,akshare,2026-04-25 23:57:44
2026-01-29,159531,raw,1.518,1.539,1.502,1.508,832060,126673306.526,2.42,-1.18,-0.018,15.06,akshare,2026-04-25 23:57:44
2026-01-30,159531,raw,1.5,1.515,1.473,1.509,988371,148142352.2,2.79,0.07,0.001,17.89,akshare,2026-04-25 23:57:44
2026-02-02,159531,raw,1.49,1.51,1.468,1.471,818727,122163047.3,2.78,-2.52,-0.038,14.82,akshare,2026-04-25 23:57:44
2026-02-03,159531,raw,1.485,1.514,1.476,1.514,1031553,154546582.6,2.58,2.92,0.043,18.67,akshare,2026-04-25 23:57:44
2026-02-04,159531,raw,1.508,1.517,1.496,1.517,706135,106545564.7,1.39,0.2,0.003,12.78,akshare,2026-04-25 23:57:44
2026-02-05,159531,raw,1.511,1.511,1.49,1.498,546629,81917309.4,1.38,-1.25,-0.019,9.89,akshare,2026-04-25 23:57:44
2026-02-06,159531,raw,1.48,1.517,1.478,1.503,687515,103380463.4,2.6,0.33,0.005,12.44,akshare,2026-04-25 23:57:44
2026-02-09,159531,raw,1.519,1.535,1.515,1.535,746983,114004704.6,1.33,2.13,0.032,13.52,akshare,2026-04-25 23:57:44
2026-02-10,159531,raw,1.535,1.537,1.523,1.531,563251,86300955.9,0.91,-0.26,-0.004,10.19,akshare,2026-04-25 23:57:44
2026-02-11,159531,raw,1.531,1.538,1.524,1.527,366747,56197495.4,0.91,-0.26,-0.004,6.64,akshare,2026-04-25 23:57:44
2026-02-12,159531,raw,1.529,1.54,1.516,1.533,701470,107365704.4,1.57,0.39,0.006,12.69,akshare,2026-04-25 23:57:44
2026-02-13,159531,raw,1.528,1.539,1.52,1.523,543362,83137117.8,1.24,-0.65,-0.01,9.83,akshare,2026-04-25 23:57:44
2026-02-24,159531,raw,1.531,1.547,1.523,1.539,762610,117328068.2,1.58,1.05,0.016,13.8,akshare,2026-04-25 23:57:44
2026-02-25,159531,raw,1.54,1.557,1.536,1.556,653280,101268827.8,1.36,1.1,0.017,11.82,akshare,2026-04-25 23:57:44
2026-02-26,159531,raw,1.556,1.569,1.551,1.569,554667,86620840.1,1.16,0.84,0.013,10.04,akshare,2026-04-25 23:57:44
2026-02-27,159531,raw,1.564,1.584,1.556,1.582,597659,94022270.4,1.78,0.83,0.013,10.82,akshare,2026-04-25 23:57:44
2026-03-02,159531,raw,1.566,1.575,1.542,1.553,1374996,214059372.8,2.09,-1.83,-0.029,24.88,akshare,2026-04-25 23:57:44
2026-03-03,159531,raw,1.556,1.561,1.487,1.494,1379572,208865429.9,4.76,-3.8,-0.059,24.96,akshare,2026-04-25 23:57:44
2026-03-04,159531,raw,1.477,1.507,1.47,1.492,1055204,157166969.8,2.48,-0.13,-0.002,19.09,akshare,2026-04-25 23:57:44
2026-03-05,159531,raw,1.513,1.524,1.504,1.511,1004056,151986161.8,1.34,1.27,0.019,18.17,akshare,2026-04-25 23:57:44
2026-03-06,159531,raw,1.506,1.537,1.496,1.537,616449,94148855.144,2.71,1.72,0.026,11.16,akshare,2026-04-25 23:57:44
2026-03-09,159531,raw,1.502,1.527,1.487,1.519,805523,121332900.476,2.6,-1.17,-0.018,14.58,akshare,2026-04-25 23:57:44
2026-03-10,159531,raw,1.531,1.56,1.53,1.56,652273,100877894.956,1.97,2.7,0.041,11.8,akshare,2026-04-25 23:57:44
2026-03-11,159531,raw,1.559,1.564,1.543,1.549,612332,95061848.4,1.35,-0.71,-0.011,11.08,akshare,2026-04-25 23:57:44
2026-03-12,159531,raw,1.545,1.55,1.524,1.531,606576,93211172.514,1.68,-1.16,-0.018,10.98,akshare,2026-04-25 23:57:44
2026-03-13,159531,raw,1.523,1.537,1.51,1.515,592742,90306317.242,1.76,-1.05,-0.016,10.73,akshare,2026-04-25 23:57:44
2026-03-16,159531,raw,1.514,1.519,1.494,1.519,630111,94943353.488,1.65,0.26,0.004,11.4,akshare,2026-04-25 23:57:44
2026-03-17,159531,raw,1.52,1.522,1.48,1.483,794039,119035905.294,2.76,-2.37,-0.036,14.37,akshare,2026-04-25 23:57:44
2026-03-18,159531,raw,1.482,1.503,1.475,1.502,1223718,182226835.324,1.89,1.28,0.019,22.14,akshare,2026-04-25 23:57:44
2026-03-19,159531,raw,1.482,1.489,1.461,1.469,1512240,223492165.371,1.86,-2.2,-0.033,27.37,akshare,2026-04-25 23:57:44
2026-03-20,159531,raw,1.473,1.479,1.426,1.432,1304371,189171590.099,3.61,-2.52,-0.037,23.6,akshare,2026-04-25 23:57:44
2026-03-23,159531,raw,1.408,1.413,1.342,1.357,2651886,366469374.274,4.96,-5.24,-0.075,47.99,akshare,2026-04-25 23:57:44
2026-03-24,159531,raw,1.366,1.399,1.351,1.396,1872320,257022273.336,3.54,2.87,0.039,33.88,akshare,2026-04-25 23:57:44
2026-03-25,159531,raw,1.398,1.432,1.396,1.428,1924523,273795001.258,2.58,2.29,0.032,34.83,akshare,2026-04-25 23:57:44
2026-03-26,159531,raw,1.422,1.437,1.404,1.409,1248172,177298442.6,2.31,-1.33,-0.019,22.59,akshare,2026-04-25 23:57:44
2026-03-27,159531,raw,1.39,1.438,1.386,1.434,1098167,155776836.932,3.69,1.77,0.025,19.87,akshare,2026-04-25 23:57:44
2026-03-30,159531,raw,1.415,1.44,1.409,1.439,876733,125048887.156,2.16,0.35,0.005,15.87,akshare,2026-04-25 23:57:44
2026-03-31,159531,raw,1.44,1.45,1.416,1.417,894832,128130206.09,2.36,-1.53,-0.022,16.19,akshare,2026-04-25 23:57:44
2026-04-01,159531,raw,1.442,1.45,1.429,1.45,906327,130550296.406,1.48,2.33,0.033,16.4,akshare,2026-04-25 23:57:44
2026-04-02,159531,raw,1.438,1.449,1.412,1.422,852204,121942950.168,2.55,-1.93,-0.028,15.42,akshare,2026-04-25 23:57:44
2026-04-03,159531,raw,1.428,1.429,1.391,1.397,799829,112310961.7,2.67,-1.76,-0.025,14.47,akshare,2026-04-25 23:57:44
2026-04-07,159531,raw,1.393,1.42,1.393,1.416,1051306,148433711.6,1.93,1.36,0.019,19.02,akshare,2026-04-25 23:57:44
2026-04-08,159531,raw,1.445,1.483,1.44,1.483,1134818,165781951.9,3.04,4.73,0.067,20.54,akshare,2026-04-25 23:57:44
2026-04-09,159531,raw,1.463,1.476,1.46,1.47,1295515,190083446.3,1.08,-0.88,-0.013,23.44,akshare,2026-04-25 23:57:44
2026-04-10,159531,raw,1.476,1.494,1.474,1.482,727486,107974127.9,1.36,0.82,0.012,13.16,akshare,2026-04-25 23:57:44
2026-04-13,159531,raw,1.472,1.485,1.466,1.481,809809,119713333.8,1.28,-0.07,-0.001,14.65,akshare,2026-04-25 23:57:44
2026-04-14,159531,raw,1.497,1.502,1.482,1.501,1077591,160802720.2,1.35,1.35,0.02,19.5,akshare,2026-04-25 23:57:44
2026-04-15,159531,raw,1.509,1.511,1.488,1.492,545451,81886504.0,1.53,-0.6,-0.009,9.87,akshare,2026-04-25 23:57:44
2026-04-16,159531,raw,1.497,1.525,1.49,1.522,767302,116031879.6,2.35,2.01,0.03,13.89,akshare,2026-04-25 23:57:44
2026-04-17,159531,raw,1.518,1.534,1.514,1.53,750936,114487539.9,1.31,0.53,0.008,13.59,akshare,2026-04-25 23:57:44
2026-04-20,159531,raw,1.53,1.545,1.524,1.541,678877,104405141.9,1.37,0.72,0.011,12.28,akshare,2026-04-25 23:57:44
2026-04-21,159531,raw,1.54,1.543,1.527,1.542,542304,83160290.6,1.04,0.06,0.001,9.81,akshare,2026-04-25 23:57:44
2026-04-22,159531,raw,1.534,1.557,1.531,1.557,559223,86357489.5,1.69,0.97,0.015,10.12,akshare,2026-04-25 23:57:44
2026-04-23,159531,raw,1.556,1.558,1.523,1.533,929112,142697925.7,2.25,-1.54,-0.024,16.81,akshare,2026-04-25 23:57:44
2026-04-24,159531,raw,1.526,1.533,1.509,1.517,909210,138101244.425,1.57,-1.04,-0.016,16.45,akshare,2026-04-25 23:57:44
